{
  "main": {
    "overall": {
      "auc": 0.7850606172875867,
      "acc": 0.7130381831518053,
      "rmse": 0.434304488242803,
      "bce": 0.5580013235398605,
      "n": 72257
    },
    "direct_seen": {
      "auc": 0.7870118523650518,
      "acc": 0.7139053682535089,
      "rmse": 0.43379323683391546,
      "bce": 0.5569601717034893,
      "n": 69110
    },
    "target_concept_unseen": {
      "auc": 0.77103613754721,
      "acc": 0.6939942802669209,
      "rmse": 0.44538425402859766,
      "bce": 0.5808656398447929,
      "n": 3147
    },
    "short_history": {
      "auc": 0.7429838154269972,
      "acc": 0.6936936936936937,
      "rmse": 0.43884423352503976,
      "bce": 0.5662518615091537,
      "n": 555
    },
    "runtime": {
      "queries": 72257,
      "seconds": 3.9572023369837552,
      "queries_per_second": 18259.617236321425,
      "seconds_per_10k_queries": 0.5476566058629275,
      "avg_memory_candidates": 122.79733451430312
    }
  },
  "fidelity": {
    "retrieval": {
      "overall": {
        "auc": 0.7850606172875867,
        "acc": 0.7130381831518053,
        "rmse": 0.434304488242803,
        "bce": 0.5580013235398605,
        "n": 72257
      },
      "direct_seen": {
        "auc": 0.7870118523650518,
        "acc": 0.7139053682535089,
        "rmse": 0.43379323683391546,
        "bce": 0.5569601717034893,
        "n": 69110
      },
      "target_concept_unseen": {
        "auc": 0.77103613754721,
        "acc": 0.6939942802669209,
        "rmse": 0.44538425402859766,
        "bce": 0.5808656398447929,
        "n": 3147
      },
      "short_history": {
        "auc": 0.7429838154269972,
        "acc": 0.6936936936936937,
        "rmse": 0.43884423352503976,
        "bce": 0.5662518615091537,
        "n": 555
      },
      "runtime": {
        "queries": 72257,
        "seconds": 3.565968669950962,
        "queries_per_second": 20262.93741974846,
        "seconds_per_10k_queries": 0.4935118632036982,
        "avg_memory_candidates": 122.79733451430312
      }
    },
    "support_deletion": {
      "overall": {
        "auc": 0.7673099535648829,
        "acc": 0.687019942704513,
        "rmse": 0.4530730217685293,
        "bce": 0.6029482246246849,
        "n": 72257
      },
      "direct_seen": {
        "auc": 0.7678355765328232,
        "acc": 0.6876428881493272,
        "rmse": 0.4524641150266066,
        "bce": 0.6014465956091513,
        "n": 69110
      },
      "target_concept_unseen": {
        "auc": 0.7586733575228446,
        "acc": 0.6733396885923101,
        "rmse": 0.46624471017122493,
        "bce": 0.6359248948704831,
        "n": 3147
      },
      "short_history": {
        "auc": 0.7195391414141414,
        "acc": 0.654054054054054,
        "rmse": 0.4876106081708719,
        "bce": 0.6944310184610237,
        "n": 555
      },
      "runtime": {
        "queries": 72257,
        "seconds": 3.4516683251131326,
        "queries_per_second": 20933.934895854076,
        "seconds_per_10k_queries": 0.47769327886753293,
        "avg_memory_candidates": 122.79733451430312
      },
      "delta_vs_retrieval": {
        "auc_drop": 0.01775066372270384,
        "bce_increase": 0.04494690108482435,
        "rmse_increase": 0.018768533525726327
      }
    },
    "support_corruption": {
      "overall": {
        "auc": 0.7734808883595926,
        "acc": 0.706284512227189,
        "rmse": 0.4392561068232467,
        "bce": 0.5674865143769134,
        "n": 72257
      },
      "direct_seen": {
        "auc": 0.7738236869946942,
        "acc": 0.7066849949356099,
        "rmse": 0.4390324422790382,
        "bce": 0.5670135884383058,
        "n": 69110
      },
      "target_concept_unseen": {
        "auc": 0.7686070204533801,
        "acc": 0.6974896727041627,
        "rmse": 0.44413949166105504,
        "bce": 0.5778722505120193,
        "n": 3147
      },
      "short_history": {
        "auc": 0.730472337006428,
        "acc": 0.6720720720720721,
        "rmse": 0.4542089191812441,
        "bce": 0.5999702565089375,
        "n": 555
      },
      "runtime": {
        "queries": 72257,
        "seconds": 3.463209646055475,
        "queries_per_second": 20864.171501225534,
        "seconds_per_10k_queries": 0.47929053877900757,
        "avg_memory_candidates": 122.79733451430312
      },
      "delta_vs_retrieval": {
        "auc_drop": 0.011579728927994082,
        "bce_increase": 0.009485190837052904,
        "rmse_increase": 0.004951618580443684
      }
    },
    "shuffle_student": {
      "overall": {
        "auc": 0.7809973582920782,
        "acc": 0.7110591361390592,
        "rmse": 0.4361882811283934,
        "bce": 0.5621233778461997,
        "n": 72257
      },
      "direct_seen": {
        "auc": 0.7828605101386568,
        "acc": 0.7119809000144697,
        "rmse": 0.43566203626272487,
        "bce": 0.5610133441390994,
        "n": 69110
      },
      "target_concept_unseen": {
        "auc": 0.7657187862162649,
        "acc": 0.6908166507785192,
        "rmse": 0.4475889911021762,
        "bce": 0.5865003811819816,
        "n": 3147
      },
      "short_history": {
        "auc": 0.7143882001836547,
        "acc": 0.6828828828828829,
        "rmse": 0.4555480397274467,
        "bce": 0.6069122413477226,
        "n": 555
      },
      "runtime": {
        "queries": 72257,
        "seconds": 3.557228706078604,
        "queries_per_second": 20312.7226193039,
        "seconds_per_10k_queries": 0.4923022968125723,
        "avg_memory_candidates": 122.79733451430312
      },
      "delta_vs_retrieval": {
        "auc_drop": 0.004063258995508523,
        "bce_increase": 0.004122054306339162,
        "rmse_increase": 0.0018837928855904296
      }
    }
  }
}