{
  "main": {
    "overall": {
      "auc": 0.7620107491664847,
      "acc": 0.7376040418434433,
      "rmse": 0.41886090048451247,
      "bce": 0.5234782355048277,
      "n": 61754
    },
    "direct_seen": {
      "auc": 0.7615550375845496,
      "acc": 0.737972970769958,
      "rmse": 0.4186739987822928,
      "bce": 0.5230928748770942,
      "n": 61341
    },
    "partial_overlap": {
      "auc": 0.7905304571971239,
      "acc": 0.7666666666666667,
      "rmse": 0.41197960062241235,
      "bce": 0.5162322323692883,
      "n": 180
    },
    "target_concept_unseen": {
      "auc": 0.6981190255935862,
      "acc": 0.6180257510729614,
      "rmse": 0.4701803953360896,
      "bce": 0.6305283935743299,
      "n": 233
    },
    "runtime": {
      "queries": 61754,
      "seconds": 3.434734590118751,
      "queries_per_second": 17979.264009992967,
      "seconds_per_10k_queries": 0.5561962933767449,
      "avg_memory_candidates": 128.0
    }
  },
  "fidelity": {
    "retrieval": {
      "overall": {
        "auc": 0.7620107491664847,
        "acc": 0.7376040418434433,
        "rmse": 0.41886090048451247,
        "bce": 0.5234782355048277,
        "n": 61754
      },
      "direct_seen": {
        "auc": 0.7615550375845496,
        "acc": 0.737972970769958,
        "rmse": 0.4186739987822928,
        "bce": 0.5230928748770942,
        "n": 61341
      },
      "partial_overlap": {
        "auc": 0.7905304571971239,
        "acc": 0.7666666666666667,
        "rmse": 0.41197960062241235,
        "bce": 0.5162322323692883,
        "n": 180
      },
      "target_concept_unseen": {
        "auc": 0.6981190255935862,
        "acc": 0.6180257510729614,
        "rmse": 0.4701803953360896,
        "bce": 0.6305283935743299,
        "n": 233
      },
      "runtime": {
        "queries": 61754,
        "seconds": 3.053304152097553,
        "queries_per_second": 20225.302467026206,
        "seconds_per_10k_queries": 0.4944301829998952,
        "avg_memory_candidates": 128.0
      }
    },
    "support_deletion": {
      "overall": {
        "auc": 0.729785049019529,
        "acc": 0.6465492113871166,
        "rmse": 0.46510334940372555,
        "bce": 0.6193359809933191,
        "n": 61754
      },
      "direct_seen": {
        "auc": 0.7294396921346722,
        "acc": 0.6462398721898893,
        "rmse": 0.4651887559024289,
        "bce": 0.6194775046735648,
        "n": 61341
      },
      "partial_overlap": {
        "auc": 0.7840184506851173,
        "acc": 0.7333333333333333,
        "rmse": 0.43598855721152396,
        "bce": 0.5645514571702942,
        "n": 180
      },
      "target_concept_unseen": {
        "auc": 0.673835954363244,
        "acc": 0.6609442060085837,
        "rmse": 0.46440984205044383,
        "bce": 0.6244004025306639,
        "n": 233
      },
      "runtime": {
        "queries": 61754,
        "seconds": 2.9514320401940495,
        "queries_per_second": 20923.402320976304,
        "seconds_per_10k_queries": 0.47793374359459295,
        "avg_memory_candidates": 128.0
      },
      "delta_vs_retrieval": {
        "auc_drop": 0.032225700146955694,
        "bce_increase": 0.09585774548849135,
        "rmse_increase": 0.046242448919213086
      }
    },
    "support_corruption": {
      "overall": {
        "auc": 0.7367099335660005,
        "acc": 0.704828836998413,
        "rmse": 0.4381020694777827,
        "bce": 0.5628778278037415,
        "n": 61754
      },
      "direct_seen": {
        "auc": 0.7364952627934978,
        "acc": 0.7049281883242855,
        "rmse": 0.43797897618168397,
        "bce": 0.5625938090872017,
        "n": 61341
      },
      "partial_overlap": {
        "auc": 0.7582417582417582,
        "acc": 0.7333333333333333,
        "rmse": 0.4318809875702561,
        "bce": 0.5581766200520829,
        "n": 180
      },
      "target_concept_unseen": {
        "auc": 0.6803114400246685,
        "acc": 0.6566523605150214,
        "rmse": 0.47381984517913284,
        "bce": 0.6412821603640914,
        "n": 233
      },
      "runtime": {
        "queries": 61754,
        "seconds": 2.9587305600289255,
        "queries_per_second": 20871.789014609116,
        "seconds_per_10k_queries": 0.47911561356817783,
        "avg_memory_candidates": 128.0
      },
      "delta_vs_retrieval": {
        "auc_drop": 0.02530081560048425,
        "bce_increase": 0.039399592298913766,
        "rmse_increase": 0.01924116899327022
      }
    },
    "shuffle_student": {
      "overall": {
        "auc": 0.7566397686427866,
        "acc": 0.7339119733134696,
        "rmse": 0.421289019348114,
        "bce": 0.5282819103442723,
        "n": 61754
      },
      "direct_seen": {
        "auc": 0.756165367743888,
        "acc": 0.7341256256011477,
        "rmse": 0.42111572179993406,
        "bce": 0.5279162157078884,
        "n": 61341
      },
      "partial_overlap": {
        "auc": 0.792294125627459,
        "acc": 0.7722222222222223,
        "rmse": 0.4118695397369631,
        "bce": 0.5160252430652641,
        "n": 180
      },
      "target_concept_unseen": {
        "auc": 0.6952667283379587,
        "acc": 0.648068669527897,
        "rmse": 0.47114297094100405,
        "bce": 0.634025579016563,
        "n": 233
      },
      "runtime": {
        "queries": 61754,
        "seconds": 3.069816855015233,
        "queries_per_second": 20116.50952372322,
        "seconds_per_10k_queries": 0.4971041317186309,
        "avg_memory_candidates": 128.0
      },
      "delta_vs_retrieval": {
        "auc_drop": 0.00537098052369811,
        "bce_increase": 0.004803674839444549,
        "rmse_increase": 0.0024281188636015583
      }
    }
  }
}