{
  "main": {
    "overall": {
      "auc": 0.8301821458002903,
      "acc": 0.7745788973859149,
      "rmse": 0.3939718113669315,
      "bce": 0.47451697750067723,
      "n": 80028
    },
    "target_concept_unseen": {
      "auc": 0.8301821458002903,
      "acc": 0.7745788973859149,
      "rmse": 0.3939718113669315,
      "bce": 0.47451697750067723,
      "n": 80028
    },
    "runtime": {
      "queries": 80028,
      "seconds": 4.640008471906185,
      "queries_per_second": 17247.382302111033,
      "seconds_per_10k_queries": 0.5797981296428981,
      "avg_memory_candidates": 43.05871694906783
    }
  },
  "fidelity": {
    "retrieval": {
      "overall": {
        "auc": 0.8301821458002903,
        "acc": 0.7745788973859149,
        "rmse": 0.3939718113669315,
        "bce": 0.47451697750067723,
        "n": 80028
      },
      "target_concept_unseen": {
        "auc": 0.8301821458002903,
        "acc": 0.7745788973859149,
        "rmse": 0.3939718113669315,
        "bce": 0.47451697750067723,
        "n": 80028
      },
      "runtime": {
        "queries": 80028,
        "seconds": 4.266248526982963,
        "queries_per_second": 18758.400851202823,
        "seconds_per_10k_queries": 0.533094482803889,
        "avg_memory_candidates": 43.05871694906783
      }
    },
    "support_deletion": {
      "overall": {
        "auc": 0.8208819114449303,
        "acc": 0.7635952416654171,
        "rmse": 0.4019795593526042,
        "bce": 0.49007996783771396,
        "n": 80028
      },
      "target_concept_unseen": {
        "auc": 0.8208819114449303,
        "acc": 0.7635952416654171,
        "rmse": 0.4019795593526042,
        "bce": 0.49007996783771396,
        "n": 80028
      },
      "runtime": {
        "queries": 80028,
        "seconds": 4.185809551971033,
        "queries_per_second": 19118.882263125433,
        "seconds_per_10k_queries": 0.5230431289012637,
        "avg_memory_candidates": 43.05871694906783
      },
      "delta_vs_retrieval": {
        "auc_drop": 0.009300234355359982,
        "bce_increase": 0.01556299033703673,
        "rmse_increase": 0.00800774798567272
      }
    },
    "support_corruption": {
      "overall": {
        "auc": 0.8269319636715406,
        "acc": 0.7722547108512021,
        "rmse": 0.39628575428446233,
        "bce": 0.4788304713625712,
        "n": 80028
      },
      "target_concept_unseen": {
        "auc": 0.8269319636715406,
        "acc": 0.7722547108512021,
        "rmse": 0.39628575428446233,
        "bce": 0.4788304713625712,
        "n": 80028
      },
      "runtime": {
        "queries": 80028,
        "seconds": 4.165980956051499,
        "queries_per_second": 19209.881380698927,
        "seconds_per_10k_queries": 0.5205654216088742,
        "avg_memory_candidates": 43.05871694906783
      },
      "delta_vs_retrieval": {
        "auc_drop": 0.0032501821287496124,
        "bce_increase": 0.004313493861893947,
        "rmse_increase": 0.0023139429175308424
      }
    },
    "shuffle_student": {
      "overall": {
        "auc": 0.8225524090816749,
        "acc": 0.7694057080021992,
        "rmse": 0.39871473577975014,
        "bce": 0.48457248762003835,
        "n": 80028
      },
      "target_concept_unseen": {
        "auc": 0.8225524090816749,
        "acc": 0.7694057080021992,
        "rmse": 0.39871473577975014,
        "bce": 0.48457248762003835,
        "n": 80028
      },
      "runtime": {
        "queries": 80028,
        "seconds": 4.300184980966151,
        "queries_per_second": 18610.362194702513,
        "seconds_per_10k_queries": 0.5373350553513958,
        "avg_memory_candidates": 43.05871694906783
      },
      "delta_vs_retrieval": {
        "auc_drop": 0.007629736718615332,
        "bce_increase": 0.010055510119361122,
        "rmse_increase": 0.00474292441281865
      }
    }
  }
}