{
  "main": {
    "overall": {
      "auc": 0.7852187451152671,
      "acc": 0.7170202118490923,
      "rmse": 0.4317117002493526,
      "bce": 0.5473126328034,
      "n": 71938
    },
    "direct_seen": {
      "auc": 0.7855883044804892,
      "acc": 0.7174060182182239,
      "rmse": 0.4315592140995259,
      "bce": 0.5469768788249774,
      "n": 70918
    },
    "partial_overlap": {
      "auc": 0.7584634834192356,
      "acc": 0.6901960784313725,
      "rmse": 0.4421858359531324,
      "bce": 0.5706567510796514,
      "n": 1020
    },
    "short_history": {
      "auc": 0.8051605257487611,
      "acc": 0.7378435517970402,
      "rmse": 0.42356051948920787,
      "bce": 0.5336400619644748,
      "n": 473
    },
    "runtime": {
      "queries": 71938,
      "seconds": 8.030169337056577,
      "queries_per_second": 8958.46612698812,
      "seconds_per_10k_queries": 1.1162625228747778,
      "avg_memory_candidates": 123.94346520614974
    }
  },
  "fidelity": {
    "retrieval": {
      "overall": {
        "auc": 0.7852187451152671,
        "acc": 0.7170202118490923,
        "rmse": 0.4317117002493526,
        "bce": 0.5473126328034,
        "n": 71938
      },
      "direct_seen": {
        "auc": 0.7855883044804892,
        "acc": 0.7174060182182239,
        "rmse": 0.4315592140995259,
        "bce": 0.5469768788249774,
        "n": 70918
      },
      "partial_overlap": {
        "auc": 0.7584634834192356,
        "acc": 0.6901960784313725,
        "rmse": 0.4421858359531324,
        "bce": 0.5706567510796514,
        "n": 1020
      },
      "short_history": {
        "auc": 0.8051605257487611,
        "acc": 0.7378435517970402,
        "rmse": 0.42356051948920787,
        "bce": 0.5336400619644748,
        "n": 473
      },
      "runtime": {
        "queries": 71938,
        "seconds": 3.851576521061361,
        "queries_per_second": 18677.546611530488,
        "seconds_per_10k_queries": 0.53540222428499,
        "avg_memory_candidates": 123.94346520614974
      }
    },
    "support_deletion": {
      "overall": {
        "auc": 0.7623166371398965,
        "acc": 0.6957796991854096,
        "rmse": 0.44864216164931026,
        "bce": 0.5862832666095228,
        "n": 71938
      },
      "direct_seen": {
        "auc": 0.7626085659677786,
        "acc": 0.6961138215967737,
        "rmse": 0.4485609296739594,
        "bce": 0.5861523399641647,
        "n": 70918
      },
      "partial_overlap": {
        "auc": 0.7413556355149276,
        "acc": 0.6725490196078432,
        "rmse": 0.45425391153951405,
        "bce": 0.595386262526682,
        "n": 1020
      },
      "short_history": {
        "auc": 0.7656755009696187,
        "acc": 0.693446088794926,
        "rmse": 0.44527033556036666,
        "bce": 0.5785709870724488,
        "n": 473
      },
      "runtime": {
        "queries": 71938,
        "seconds": 3.694773674942553,
        "queries_per_second": 19470.204761897494,
        "seconds_per_10k_queries": 0.5136052816234192,
        "avg_memory_candidates": 123.94346520614974
      },
      "delta_vs_retrieval": {
        "auc_drop": 0.022902107975370622,
        "bce_increase": 0.038970633806122756,
        "rmse_increase": 0.01693046139995763
      }
    },
    "support_corruption": {
      "overall": {
        "auc": 0.7730722185057632,
        "acc": 0.7032861630848787,
        "rmse": 0.4397884022392627,
        "bce": 0.5651454456530048,
        "n": 71938
      },
      "direct_seen": {
        "auc": 0.7735003677946011,
        "acc": 0.7037282495276235,
        "rmse": 0.4396350399299378,
        "bce": 0.5648269124085535,
        "n": 70918
      },
      "partial_overlap": {
        "auc": 0.7408149372751142,
        "acc": 0.6725490196078432,
        "rmse": 0.4503235872109603,
        "bce": 0.5872922501922158,
        "n": 1020
      },
      "short_history": {
        "auc": 0.7893952452775983,
        "acc": 0.718816067653277,
        "rmse": 0.4343131858423922,
        "bce": 0.5543046817360925,
        "n": 473
      },
      "runtime": {
        "queries": 71938,
        "seconds": 3.559896567137912,
        "queries_per_second": 20207.890494368145,
        "seconds_per_10k_queries": 0.49485620494563537,
        "avg_memory_candidates": 123.94346520614974
      },
      "delta_vs_retrieval": {
        "auc_drop": 0.012146526609503883,
        "bce_increase": 0.017832812849604807,
        "rmse_increase": 0.008076701989910062
      }
    },
    "shuffle_student": {
      "overall": {
        "auc": 0.7810667375632087,
        "acc": 0.713920320275793,
        "rmse": 0.4337675588225342,
        "bce": 0.5525902065447484,
        "n": 71938
      },
      "direct_seen": {
        "auc": 0.7815421646661885,
        "acc": 0.7143461462534194,
        "rmse": 0.433568455413658,
        "bce": 0.5521700628352821,
        "n": 70918
      },
      "partial_overlap": {
        "auc": 0.7465370028201888,
        "acc": 0.6843137254901961,
        "rmse": 0.44739230831416965,
        "bce": 0.5818017277093892,
        "n": 1020
      },
      "short_history": {
        "auc": 0.7823026646556058,
        "acc": 0.7209302325581395,
        "rmse": 0.43389057618769755,
        "bce": 0.554400601950299,
        "n": 473
      },
      "runtime": {
        "queries": 71938,
        "seconds": 3.6532421419396996,
        "queries_per_second": 19691.549917850316,
        "seconds_per_10k_queries": 0.5078320417497983,
        "avg_memory_candidates": 123.94346520614974
      },
      "delta_vs_retrieval": {
        "auc_drop": 0.004152007552058468,
        "bce_increase": 0.005277573741348407,
        "rmse_increase": 0.0020558585731815793
      }
    }
  }
}