epoch,train_loss,valid_auc,valid_acc,valid_rmse,valid_bce,valid_n
1,0.5189361331023667,0.8173722433234447,0.7642279075838664,0.40140141621935216,0.4899644514650189,30644
2,0.4968105479918028,0.8213688118211001,0.7691554627333246,0.39885741900578126,0.48478729236678114,30644
3,0.49188285949983096,0.8219661868017885,0.7696775877822739,0.39837036315163316,0.48423466457645237,30644
4,0.48871976755167307,0.8246152156535458,0.7705260409868163,0.3977960584348855,0.4832251218670123,30644
5,0.4858693468884418,0.8251043037315823,0.7717660879780708,0.39711097475307894,0.481736789899827,30644
