{
  "main": {
    "overall": {
      "auc": 0.8326903523442101,
      "acc": 0.7745039236267306,
      "rmse": 0.3944540042606738,
      "bce": 0.47515217677560684,
      "n": 80028
    },
    "target_concept_unseen": {
      "auc": 0.8326903523442101,
      "acc": 0.7745039236267306,
      "rmse": 0.3944540042606738,
      "bce": 0.47515217677560684,
      "n": 80028
    },
    "runtime": {
      "queries": 80028,
      "seconds": 4.578183682868257,
      "queries_per_second": 17480.294707149456,
      "seconds_per_10k_queries": 0.5720727349013167,
      "avg_memory_candidates": 43.05871694906783
    }
  },
  "fidelity": {
    "retrieval": {
      "overall": {
        "auc": 0.8326903523442101,
        "acc": 0.7745039236267306,
        "rmse": 0.3944540042606738,
        "bce": 0.47515217677560684,
        "n": 80028
      },
      "target_concept_unseen": {
        "auc": 0.8326903523442101,
        "acc": 0.7745039236267306,
        "rmse": 0.3944540042606738,
        "bce": 0.47515217677560684,
        "n": 80028
      },
      "runtime": {
        "queries": 80028,
        "seconds": 4.182975427014753,
        "queries_per_second": 19131.836033068274,
        "seconds_per_10k_queries": 0.5226889872313132,
        "avg_memory_candidates": 43.05871694906783
      }
    },
    "support_deletion": {
      "overall": {
        "auc": 0.8157589630401655,
        "acc": 0.7564227520367871,
        "rmse": 0.40789796291809655,
        "bce": 0.5024786538190015,
        "n": 80028
      },
      "target_concept_unseen": {
        "auc": 0.8157589630401655,
        "acc": 0.7564227520367871,
        "rmse": 0.40789796291809655,
        "bce": 0.5024786538190015,
        "n": 80028
      },
      "runtime": {
        "queries": 80028,
        "seconds": 4.133088503032923,
        "queries_per_second": 19362.759820234733,
        "seconds_per_10k_queries": 0.5164553035228824,
        "avg_memory_candidates": 43.05871694906783
      },
      "delta_vs_retrieval": {
        "auc_drop": 0.016931389304044586,
        "bce_increase": 0.027326477043394637,
        "rmse_increase": 0.013443958657422761
      }
    },
    "support_corruption": {
      "overall": {
        "auc": 0.8291988166745499,
        "acc": 0.7715174688858899,
        "rmse": 0.3969472241202387,
        "bce": 0.4802184577988972,
        "n": 80028
      },
      "target_concept_unseen": {
        "auc": 0.8291988166745499,
        "acc": 0.7715174688858899,
        "rmse": 0.3969472241202387,
        "bce": 0.4802184577988972,
        "n": 80028
      },
      "runtime": {
        "queries": 80028,
        "seconds": 4.1478139869868755,
        "queries_per_second": 19294.018548342683,
        "seconds_per_10k_queries": 0.5182953450026085,
        "avg_memory_candidates": 43.05871694906783
      },
      "delta_vs_retrieval": {
        "auc_drop": 0.0034915356696602062,
        "bce_increase": 0.0050662810232903754,
        "rmse_increase": 0.00249321985956491
      }
    },
    "shuffle_student": {
      "overall": {
        "auc": 0.8252691256169213,
        "acc": 0.7685435097715799,
        "rmse": 0.3992623225133626,
        "bce": 0.48545678376198687,
        "n": 80028
      },
      "target_concept_unseen": {
        "auc": 0.8252691256169213,
        "acc": 0.7685435097715799,
        "rmse": 0.3992623225133626,
        "bce": 0.48545678376198687,
        "n": 80028
      },
      "runtime": {
        "queries": 80028,
        "seconds": 4.289821364916861,
        "queries_per_second": 18655.322259916757,
        "seconds_per_10k_queries": 0.5360400565947995,
        "avg_memory_candidates": 43.05871694906783
      },
      "delta_vs_retrieval": {
        "auc_drop": 0.007421226727288732,
        "bce_increase": 0.010304606986380027,
        "rmse_increase": 0.004808318252688792
      }
    }
  }
}