{
  "dataset": "assist_09",
  "model": "ncdm",
  "seed": 42,
  "best_valid_auc": 0.7508851115489987,
  "best_epoch": 14,
  "test": {
    "auc": 0.752730162520853,
    "acc": 0.7115853658536585,
    "rmse": 0.4340194375726125,
    "bce": 0.5581283771069175,
    "n": 55760
  },
  "doa": {
    "aggregate": 0.6012344314867303,
    "exposure_stratified": {
      "per_decile": {
        "0": NaN,
        "1": 0.5993641774891775,
        "2": 0.4546964661296558,
        "3": 0.5117048752554876,
        "4": 0.5191005031910084,
        "5": 0.6149504767347431,
        "6": 0.6546454899361416,
        "7": 0.6503908174207961,
        "8": 0.6575445215730101,
        "9": 0.7016296060149781
      },
      "decile_counts": {
        "0": 0,
        "1": 4,
        "2": 8,
        "3": 13,
        "4": 12,
        "5": 12,
        "6": 13,
        "7": 12,
        "8": 12,
        "9": 12
      },
      "per_decile_pairs": {
        "0": 29,
        "1": 206,
        "2": 441,
        "3": 1499,
        "4": 2250,
        "5": 2288,
        "6": 4859,
        "7": 15537,
        "8": 22109,
        "9": 48408
      },
      "n_measurable_deciles": 9,
      "head_decile_doa": 0.7016296060149781,
      "tail_decile_doa": NaN,
      "head_minus_tail_gap": NaN,
      "bottom_group_doa": 0.5029190365828297,
      "top_group_doa": 0.6698549816695948,
      "group_gap": 0.16693594508676513,
      "group_gap_ci95": [
        0.07463714295353045,
        0.2748681165759817
      ],
      "group_gap_p_le_0": 0.0,
      "bottom_group_ci95": [
        0.3995477545881641,
        0.5941288218885201
      ],
      "top_group_ci95": [
        0.6502481659286334,
        0.6885950690083216
      ]
    }
  },
  "calibration": {
    "temperature": 1.83,
    "ece_uncalibrated": 0.09733379842523733,
    "ece_calibrated": 0.06188914019245448,
    "ece_certified": 0.0548527094945481,
    "ece_abstained": 0.10363890393331732
  },
  "certificate": {
    "n_min": 2,
    "concept_identifiable_fraction": 0.8373983502388,
    "certified_cell_fraction": 0.07936694473028183,
    "certified_prediction_fraction": 0.8270265423242468
  },
  "selective": {
    "per_method": {
      "certificate": {
        "aurc": 0.2943069636860057,
        "selective_auc": {
          "0.50": 0.7644212485667532,
          "0.70": 0.7628223431579825,
          "0.90": 0.7556015528917713,
          "1.00": 0.752730162520853
        }
      },
      "count": {
        "aurc": 0.2943105152057939,
        "selective_auc": {
          "0.50": 0.7614355906770621,
          "0.70": 0.7608823684416555,
          "0.90": 0.7554035006890832,
          "1.00": 0.752730162520853
        }
      },
      "prob_margin": {
        "aurc": 0.17501113155103237,
        "selective_auc": {
          "0.50": 0.7892475875831159,
          "0.70": 0.7880905286497029,
          "0.90": 0.7656653429986312,
          "1.00": 0.752730162520853
        }
      },
      "mc_dropout": {
        "aurc": 0.20380724370927758,
        "selective_auc": {
          "0.50": 0.8270245397239058,
          "0.70": 0.7950964653386735,
          "0.90": 0.7658873519932508,
          "1.00": 0.752730162520853
        }
      },
      "ability": {
        "aurc": 0.23695517121429413,
        "selective_auc": {
          "0.50": 0.7486133396950967,
          "0.70": 0.7483640326675602,
          "0.90": 0.7516387630639498,
          "1.00": 0.752730162520853
        }
      },
      "random": {
        "aurc": 0.2894106289653942,
        "selective_auc": {
          "0.50": 0.7523408495975065,
          "0.70": 0.7545080251327845,
          "0.90": 0.7526168790983456,
          "1.00": 0.752730162520853
        }
      }
    },
    "certificate_excess_aurc_vs": {
      "count": 3.551519788203006e-06,
      "prob_margin": -0.1192958321349733,
      "mc_dropout": -0.0904997199767281,
      "ability": -0.057351792471711543,
      "random": -0.004896334720611462
    }
  },
  "kill_switch_pass": false,
  "config": {
    "dataset": "assist_09",
    "data_root": "data_retricd",
    "output_dir": "outputs/certcd_run",
    "model": "ncdm",
    "epochs": 30,
    "lr": 0.001,
    "batch_size": 256,
    "dropout": 0.2,
    "latent_dim": 32,
    "grad_clip": 5.0,
    "patience": 8,
    "n_min": 2,
    "mc_passes": 20,
    "doa_max_responders": 80,
    "num_workers": 2,
    "seed": 42,
    "device": "cuda:0"
  }
}