{
  "main": {
    "overall": {
      "auc": 0.720741378701119,
      "acc": 0.7015728707680294,
      "rmse": 0.4454152674633682,
      "bce": 0.5934482813225127,
      "n": 71716
    },
    "direct_seen": {
      "auc": 0.7186117488980395,
      "acc": 0.7028957439226562,
      "rmse": 0.44480021607746223,
      "bce": 0.5922628553088587,
      "n": 64543
    },
    "partial_overlap": {
      "auc": 0.7370319298890727,
      "acc": 0.7195983637039792,
      "rmse": 0.43863269090799406,
      "bce": 0.583951841718455,
      "n": 2689
    },
    "target_concept_unseen": {
      "auc": 0.7242742775681376,
      "acc": 0.6717216770740411,
      "rmse": 0.4581174088977184,
      "bce": 0.6162062825032826,
      "n": 4484
    },
    "runtime": {
      "queries": 71716,
      "seconds": 4.0365563940722495,
      "queries_per_second": 17766.629026988485,
      "seconds_per_10k_queries": 0.5628529747995217,
      "avg_memory_candidates": 127.3955044899325
    }
  },
  "fidelity": {
    "retrieval": {
      "overall": {
        "auc": 0.720741378701119,
        "acc": 0.7015728707680294,
        "rmse": 0.4454152674633682,
        "bce": 0.5934482813225127,
        "n": 71716
      },
      "direct_seen": {
        "auc": 0.7186117488980395,
        "acc": 0.7028957439226562,
        "rmse": 0.44480021607746223,
        "bce": 0.5922628553088587,
        "n": 64543
      },
      "partial_overlap": {
        "auc": 0.7370319298890727,
        "acc": 0.7195983637039792,
        "rmse": 0.43863269090799406,
        "bce": 0.583951841718455,
        "n": 2689
      },
      "target_concept_unseen": {
        "auc": 0.7242742775681376,
        "acc": 0.6717216770740411,
        "rmse": 0.4581174088977184,
        "bce": 0.6162062825032826,
        "n": 4484
      },
      "runtime": {
        "queries": 71716,
        "seconds": 3.584220129996538,
        "queries_per_second": 20008.81569739671,
        "seconds_per_10k_queries": 0.4997797046679316,
        "avg_memory_candidates": 127.3955044899325
      }
    },
    "support_deletion": {
      "overall": {
        "auc": 0.6710966233368815,
        "acc": 0.6667828657482291,
        "rmse": 0.4629175846280743,
        "bce": 0.6186015496848468,
        "n": 71716
      },
      "direct_seen": {
        "auc": 0.6697859402611974,
        "acc": 0.6680817439536433,
        "rmse": 0.4623742261190711,
        "bce": 0.617501849381335,
        "n": 64543
      },
      "partial_overlap": {
        "auc": 0.6944039958325672,
        "acc": 0.682409817776125,
        "rmse": 0.45361155662578334,
        "bce": 0.5993168865771663,
        "n": 2689
      },
      "target_concept_unseen": {
        "auc": 0.6626117401442383,
        "acc": 0.6387154326494202,
        "rmse": 0.47607190253843606,
        "bce": 0.645995487192901,
        "n": 4484
      },
      "runtime": {
        "queries": 71716,
        "seconds": 3.515367083949968,
        "queries_per_second": 20400.71443105675,
        "seconds_per_10k_queries": 0.4901789118118646,
        "avg_memory_candidates": 127.3955044899325
      },
      "delta_vs_retrieval": {
        "auc_drop": 0.049644755364237514,
        "bce_increase": 0.025153268362334114,
        "rmse_increase": 0.017502317164706127
      }
    },
    "support_corruption": {
      "overall": {
        "auc": 0.6655922083791458,
        "acc": 0.6795136371242122,
        "rmse": 0.457355449489074,
        "bce": 0.6070436447941412,
        "n": 71716
      },
      "direct_seen": {
        "auc": 0.6639998465849892,
        "acc": 0.6819329749159475,
        "rmse": 0.45618347048701247,
        "bce": 0.6046685455605264,
        "n": 64543
      },
      "partial_overlap": {
        "auc": 0.6697490347490349,
        "acc": 0.6887318705838602,
        "rmse": 0.4548547876159532,
        "bce": 0.6015610448928915,
        "n": 2689
      },
      "target_concept_unseen": {
        "auc": 0.6743798289106393,
        "acc": 0.6391614629794826,
        "rmse": 0.4753449943916916,
        "bce": 0.6445188323431272,
        "n": 4484
      },
      "runtime": {
        "queries": 71716,
        "seconds": 3.5289905900135636,
        "queries_per_second": 20321.9584101312,
        "seconds_per_10k_queries": 0.49207855848256504,
        "avg_memory_candidates": 127.3955044899325
      },
      "delta_vs_retrieval": {
        "auc_drop": 0.055149170321973195,
        "bce_increase": 0.013595363471628485,
        "rmse_increase": 0.011940182025705792
      }
    },
    "shuffle_student": {
      "overall": {
        "auc": 0.71690090579591,
        "acc": 0.6982960566679681,
        "rmse": 0.44690673288637073,
        "bce": 0.5965651379258462,
        "n": 71716
      },
      "direct_seen": {
        "auc": 0.714846170398257,
        "acc": 0.6994251894086113,
        "rmse": 0.4462666245043252,
        "bce": 0.5953260051739278,
        "n": 64543
      },
      "partial_overlap": {
        "auc": 0.7328185328185328,
        "acc": 0.7125325399776868,
        "rmse": 0.44043467787391566,
        "bce": 0.586943059644521,
        "n": 2689
      },
      "target_concept_unseen": {
        "auc": 0.7200091933447474,
        "acc": 0.6735057983942908,
        "rmse": 0.4597816522830242,
        "bce": 0.6201715415176292,
        "n": 4484
      },
      "runtime": {
        "queries": 71716,
        "seconds": 3.63331688195467,
        "queries_per_second": 19738.437997573685,
        "seconds_per_10k_queries": 0.5066257016502134,
        "avg_memory_candidates": 127.3955044899325
      },
      "delta_vs_retrieval": {
        "auc_drop": 0.003840472905208947,
        "bce_increase": 0.0031168566033334955,
        "rmse_increase": 0.001491465423002547
      }
    }
  }
}