{
  "main": {
    "overall": {
      "auc": 0.7607870687211885,
      "acc": 0.7293758967001435,
      "rmse": 0.42947148181640726,
      "bce": 0.5681045638208068,
      "n": 55760
    },
    "direct_seen": {
      "auc": 0.7594610050482715,
      "acc": 0.726816717876578,
      "rmse": 0.4311652521812605,
      "bce": 0.5719569153268568,
      "n": 54026
    },
    "partial_overlap": {
      "auc": 0.782798833819242,
      "acc": 0.8055555555555556,
      "rmse": 0.37721579299411184,
      "bce": 0.451154390022516,
      "n": 252
    },
    "target_concept_unseen": {
      "auc": 0.7860237316693558,
      "acc": 0.8097165991902834,
      "rmse": 0.372119049324532,
      "bce": 0.4475541598608244,
      "n": 1482
    },
    "short_history": {
      "auc": 0.7680609668109668,
      "acc": 0.73453787352328,
      "rmse": 0.4305919837752096,
      "bce": 0.5661215995933372,
      "n": 2878
    },
    "runtime": {
      "queries": 55760,
      "seconds": 7.839475657092407,
      "queries_per_second": 7112.720600076574,
      "seconds_per_10k_queries": 1.4059317892920387,
      "avg_memory_candidates": 102.6741212338594
    }
  },
  "fidelity": {
    "retrieval": {
      "overall": {
        "auc": 0.7607870687211885,
        "acc": 0.7293758967001435,
        "rmse": 0.42947148181640726,
        "bce": 0.5681045638208068,
        "n": 55760
      },
      "direct_seen": {
        "auc": 0.7594610050482715,
        "acc": 0.726816717876578,
        "rmse": 0.4311652521812605,
        "bce": 0.5719569153268568,
        "n": 54026
      },
      "partial_overlap": {
        "auc": 0.782798833819242,
        "acc": 0.8055555555555556,
        "rmse": 0.37721579299411184,
        "bce": 0.451154390022516,
        "n": 252
      },
      "target_concept_unseen": {
        "auc": 0.7860237316693558,
        "acc": 0.8097165991902834,
        "rmse": 0.372119049324532,
        "bce": 0.4475541598608244,
        "n": 1482
      },
      "short_history": {
        "auc": 0.7680609668109668,
        "acc": 0.73453787352328,
        "rmse": 0.4305919837752096,
        "bce": 0.5661215995933372,
        "n": 2878
      },
      "runtime": {
        "queries": 55760,
        "seconds": 3.412883165059611,
        "queries_per_second": 16338.092253159819,
        "seconds_per_10k_queries": 0.612066564752441,
        "avg_memory_candidates": 102.6741212338594
      }
    },
    "support_deletion": {
      "overall": {
        "auc": 0.7397043433900581,
        "acc": 0.7082137733142038,
        "rmse": 0.4475434951849051,
        "bce": 0.5998732825051611,
        "n": 55760
      },
      "direct_seen": {
        "auc": 0.7387331793610318,
        "acc": 0.7044386036352868,
        "rmse": 0.44997317777275614,
        "bce": 0.6056492850651353,
        "n": 54026
      },
      "partial_overlap": {
        "auc": 0.7597485422740525,
        "acc": 0.8293650793650794,
        "rmse": 0.37653493661632587,
        "bce": 0.4493454670995355,
        "n": 252
      },
      "target_concept_unseen": {
        "auc": 0.7840875016063855,
        "acc": 0.8252361673414305,
        "rmse": 0.36159276807561214,
        "bce": 0.4149061402494658,
        "n": 1482
      },
      "short_history": {
        "auc": 0.7414631003916718,
        "acc": 0.6994440583738707,
        "rmse": 0.4539881574886406,
        "bce": 0.6231137584230532,
        "n": 2878
      },
      "runtime": {
        "queries": 55760,
        "seconds": 3.012056702049449,
        "queries_per_second": 18512.267701355042,
        "seconds_per_10k_queries": 0.5401823353747218,
        "avg_memory_candidates": 102.6741212338594
      },
      "delta_vs_retrieval": {
        "auc_drop": 0.021082725331130425,
        "bce_increase": 0.03176871868435438,
        "rmse_increase": 0.01807201336849784
      }
    },
    "support_corruption": {
      "overall": {
        "auc": 0.7418966517308276,
        "acc": 0.7083213773314204,
        "rmse": 0.4378808271416194,
        "bce": 0.567917791305866,
        "n": 55760
      },
      "direct_seen": {
        "auc": 0.7407565996100146,
        "acc": 0.7044571132417725,
        "rmse": 0.44000431673685053,
        "bce": 0.5725097255565038,
        "n": 54026
      },
      "partial_overlap": {
        "auc": 0.767219387755102,
        "acc": 0.8174603174603174,
        "rmse": 0.37659468928739015,
        "bce": 0.4480730157226499,
        "n": 252
      },
      "target_concept_unseen": {
        "auc": 0.7889280767638113,
        "acc": 0.8306342780026991,
        "rmse": 0.3636888862671288,
        "bce": 0.42089825258927377,
        "n": 1482
      },
      "short_history": {
        "auc": 0.7532212430426717,
        "acc": 0.7136900625434329,
        "rmse": 0.43570629332814725,
        "bce": 0.5634395812553922,
        "n": 2878
      },
      "runtime": {
        "queries": 55760,
        "seconds": 3.1630232220049948,
        "queries_per_second": 17628.703960211376,
        "seconds_per_10k_queries": 0.5672566753954438,
        "avg_memory_candidates": 102.6741212338594
      },
      "delta_vs_retrieval": {
        "auc_drop": 0.01889041699036087,
        "bce_increase": -0.00018677251494081393,
        "rmse_increase": 0.008409345325212148
      }
    },
    "shuffle_student": {
      "overall": {
        "auc": 0.7566741682647898,
        "acc": 0.7255021520803443,
        "rmse": 0.43175104722479696,
        "bce": 0.5738089744095172,
        "n": 55760
      },
      "direct_seen": {
        "auc": 0.7553632296943937,
        "acc": 0.7229667197275386,
        "rmse": 0.4334334687235962,
        "bce": 0.5777061562885176,
        "n": 54026
      },
      "partial_overlap": {
        "auc": 0.7896319241982508,
        "acc": 0.8095238095238095,
        "rmse": 0.3782369069734731,
        "bce": 0.4506902879833859,
        "n": 252
      },
      "target_concept_unseen": {
        "auc": 0.7815401310810618,
        "acc": 0.8036437246963563,
        "rmse": 0.37512044164550445,
        "bce": 0.45267318546518814,
        "n": 1482
      },
      "short_history": {
        "auc": 0.7447608740465882,
        "acc": 0.7084781097984711,
        "rmse": 0.4430786790297811,
        "bce": 0.5953150543326201,
        "n": 2878
      },
      "runtime": {
        "queries": 55760,
        "seconds": 3.2428645649924874,
        "queries_per_second": 17194.674301832638,
        "seconds_per_10k_queries": 0.5815754241378206,
        "avg_memory_candidates": 102.6741212338594
      },
      "delta_vs_retrieval": {
        "auc_drop": 0.0041129004563986715,
        "bce_increase": 0.005704410588710407,
        "rmse_increase": 0.0022795654083896943
      }
    }
  }
}