{
  "main": {
    "overall": {
      "auc": 0.8308471975524628,
      "acc": 0.7730669265756985,
      "rmse": 0.395363072413502,
      "bce": 0.4768820182922922,
      "n": 80028
    },
    "target_concept_unseen": {
      "auc": 0.8308471975524628,
      "acc": 0.7730669265756985,
      "rmse": 0.395363072413502,
      "bce": 0.4768820182922922,
      "n": 80028
    },
    "runtime": {
      "queries": 80028,
      "seconds": 4.063653856050223,
      "queries_per_second": 19693.606501658425,
      "seconds_per_10k_queries": 0.5077790093530044,
      "avg_memory_candidates": 43.05871694906783
    }
  }
}