{
  "main": {
    "overall": {
      "auc": 0.8329177676724261,
      "acc": 0.7741165592042785,
      "rmse": 0.3943506337299674,
      "bce": 0.47503426909991303,
      "n": 80028
    },
    "target_concept_unseen": {
      "auc": 0.8329177676724261,
      "acc": 0.7741165592042785,
      "rmse": 0.3943506337299674,
      "bce": 0.47503426909991303,
      "n": 80028
    },
    "runtime": {
      "queries": 80028,
      "seconds": 4.21063709910959,
      "queries_per_second": 19006.14992845697,
      "seconds_per_10k_queries": 0.5261454864684348,
      "avg_memory_candidates": 43.05871694906783
    }
  }
}