{
  "main": {
    "overall": {
      "auc": 0.7193648859484965,
      "acc": 0.7013876298723938,
      "rmse": 0.4460384241057831,
      "bce": 0.5930544180226663,
      "n": 71705
    },
    "direct_seen": {
      "auc": 0.7172419222031132,
      "acc": 0.7019615134331133,
      "rmse": 0.4454601611885266,
      "bce": 0.5916866293498795,
      "n": 64542
    },
    "partial_overlap": {
      "auc": 0.7335805645554072,
      "acc": 0.7205257054503286,
      "rmse": 0.4403696463316593,
      "bce": 0.5900217773380225,
      "n": 2587
    },
    "target_concept_unseen": {
      "auc": 0.7259913285249429,
      "acc": 0.6824737762237763,
      "rmse": 0.4572332864859266,
      "bce": 0.6140608118098535,
      "n": 4576
    },
    "runtime": {
      "queries": 71705,
      "seconds": 4.045444248942658,
      "queries_per_second": 17724.87657412193,
      "seconds_per_10k_queries": 0.5641788228077064,
      "avg_memory_candidates": 127.40983195035214
    }
  },
  "fidelity": {
    "retrieval": {
      "overall": {
        "auc": 0.7193648859484965,
        "acc": 0.7013876298723938,
        "rmse": 0.4460384241057831,
        "bce": 0.5930544180226663,
        "n": 71705
      },
      "direct_seen": {
        "auc": 0.7172419222031132,
        "acc": 0.7019615134331133,
        "rmse": 0.4454601611885266,
        "bce": 0.5916866293498795,
        "n": 64542
      },
      "partial_overlap": {
        "auc": 0.7335805645554072,
        "acc": 0.7205257054503286,
        "rmse": 0.4403696463316593,
        "bce": 0.5900217773380225,
        "n": 2587
      },
      "target_concept_unseen": {
        "auc": 0.7259913285249429,
        "acc": 0.6824737762237763,
        "rmse": 0.4572332864859266,
        "bce": 0.6140608118098535,
        "n": 4576
      },
      "runtime": {
        "queries": 71705,
        "seconds": 3.686406551161781,
        "queries_per_second": 19451.191561441312,
        "seconds_per_10k_queries": 0.5141073218271781,
        "avg_memory_candidates": 127.40983195035214
      }
    },
    "support_deletion": {
      "overall": {
        "auc": 0.6630309427512067,
        "acc": 0.6702461474095252,
        "rmse": 0.46148129083892153,
        "bce": 0.6155425920915933,
        "n": 71705
      },
      "direct_seen": {
        "auc": 0.6624277902358184,
        "acc": 0.6718570853087912,
        "rmse": 0.46067226990348153,
        "bce": 0.6138416176642864,
        "n": 64542
      },
      "partial_overlap": {
        "auc": 0.6910106039429939,
        "acc": 0.7019713954387321,
        "rmse": 0.4516387439497909,
        "bce": 0.5963757568071271,
        "n": 2587
      },
      "target_concept_unseen": {
        "auc": 0.6468793702119531,
        "acc": 0.6295891608391608,
        "rmse": 0.47808860877177745,
        "bce": 0.6503697106161057,
        "n": 4576
      },
      "runtime": {
        "queries": 71705,
        "seconds": 3.5625710610765964,
        "queries_per_second": 20127.317819263655,
        "seconds_per_10k_queries": 0.49683718863072257,
        "avg_memory_candidates": 127.40983195035214
      },
      "delta_vs_retrieval": {
        "auc_drop": 0.05633394319728979,
        "bce_increase": 0.022488174068927003,
        "rmse_increase": 0.015442866733138438
      }
    },
    "support_corruption": {
      "overall": {
        "auc": 0.6386144093100121,
        "acc": 0.6699114427166865,
        "rmse": 0.4631960862928298,
        "bce": 0.6192540396470617,
        "n": 71705
      },
      "direct_seen": {
        "auc": 0.6386941521850261,
        "acc": 0.673747327321744,
        "rmse": 0.4614867639358707,
        "bce": 0.6157269604527233,
        "n": 64542
      },
      "partial_overlap": {
        "auc": 0.6434331522774919,
        "acc": 0.6814843448009277,
        "rmse": 0.460382806674995,
        "bce": 0.6136808885637267,
        "n": 2587
      },
      "target_concept_unseen": {
        "auc": 0.6256559886095526,
        "acc": 0.6092657342657343,
        "rmse": 0.4881727632167074,
        "bce": 0.6721523104542236,
        "n": 4576
      },
      "runtime": {
        "queries": 71705,
        "seconds": 3.6381518251728266,
        "queries_per_second": 19709.18297138238,
        "seconds_per_10k_queries": 0.5073777038104493,
        "avg_memory_candidates": 127.40983195035214
      },
      "delta_vs_retrieval": {
        "auc_drop": 0.08075047663848434,
        "bce_increase": 0.026199621624395375,
        "rmse_increase": 0.01715766218704673
      }
    },
    "shuffle_student": {
      "overall": {
        "auc": 0.7161738563531985,
        "acc": 0.6995328080329126,
        "rmse": 0.4472132489717262,
        "bce": 0.5953392862950846,
        "n": 71705
      },
      "direct_seen": {
        "auc": 0.7138176821205635,
        "acc": 0.7002571968640575,
        "rmse": 0.44671396942089137,
        "bce": 0.594106061026854,
        "n": 64542
      },
      "partial_overlap": {
        "auc": 0.730920976007454,
        "acc": 0.7189795129493622,
        "rmse": 0.44145600705196203,
        "bce": 0.5916563410177991,
        "n": 2587
      },
      "target_concept_unseen": {
        "auc": 0.7259771002111832,
        "acc": 0.6783216783216783,
        "rmse": 0.4573699967360113,
        "bce": 0.6148153799783176,
        "n": 4576
      },
      "runtime": {
        "queries": 71705,
        "seconds": 3.7820455781184137,
        "queries_per_second": 18959.3167292483,
        "seconds_per_10k_queries": 0.527445168135892,
        "avg_memory_candidates": 127.40983195035214
      },
      "delta_vs_retrieval": {
        "auc_drop": 0.003191029595297934,
        "bce_increase": 0.00228486827241825,
        "rmse_increase": 0.0011748248659431137
      }
    }
  }
}