{
  "main": {
    "overall": {
      "auc": 0.8328924563529969,
      "acc": 0.7740790723246863,
      "rmse": 0.39535429058899524,
      "bce": 0.4770257541850726,
      "n": 80028
    },
    "target_concept_unseen": {
      "auc": 0.8328924563529969,
      "acc": 0.7740790723246863,
      "rmse": 0.39535429058899524,
      "bce": 0.4770257541850726,
      "n": 80028
    },
    "runtime": {
      "queries": 80028,
      "seconds": 8.230377078056335,
      "queries_per_second": 9723.491310424772,
      "seconds_per_10k_queries": 1.0284371817434317,
      "avg_memory_candidates": 43.05871694906783
    }
  },
  "fidelity": {
    "retrieval": {
      "overall": {
        "auc": 0.8328924563529969,
        "acc": 0.7740790723246863,
        "rmse": 0.39535429058899524,
        "bce": 0.4770257541850726,
        "n": 80028
      },
      "target_concept_unseen": {
        "auc": 0.8328924563529969,
        "acc": 0.7740790723246863,
        "rmse": 0.39535429058899524,
        "bce": 0.4770257541850726,
        "n": 80028
      },
      "runtime": {
        "queries": 80028,
        "seconds": 4.229888465022668,
        "queries_per_second": 18919.64780200679,
        "seconds_per_10k_queries": 0.5285510652549943,
        "avg_memory_candidates": 43.05871694906783
      }
    },
    "support_deletion": {
      "overall": {
        "auc": 0.8124339881428995,
        "acc": 0.7582970960163943,
        "rmse": 0.4067763623274171,
        "bce": 0.49979000505901156,
        "n": 80028
      },
      "target_concept_unseen": {
        "auc": 0.8124339881428995,
        "acc": 0.7582970960163943,
        "rmse": 0.4067763623274171,
        "bce": 0.49979000505901156,
        "n": 80028
      },
      "runtime": {
        "queries": 80028,
        "seconds": 4.232158757047728,
        "queries_per_second": 18909.498578410134,
        "seconds_per_10k_queries": 0.5288347524676023,
        "avg_memory_candidates": 43.05871694906783
      },
      "delta_vs_retrieval": {
        "auc_drop": 0.020458468210097447,
        "bce_increase": 0.022764250873938963,
        "rmse_increase": 0.011422071738421857
      }
    },
    "support_corruption": {
      "overall": {
        "auc": 0.8285059889754446,
        "acc": 0.770380366871595,
        "rmse": 0.3988551774223448,
        "bce": 0.4840088806185198,
        "n": 80028
      },
      "target_concept_unseen": {
        "auc": 0.8285059889754446,
        "acc": 0.770380366871595,
        "rmse": 0.3988551774223448,
        "bce": 0.4840088806185198,
        "n": 80028
      },
      "runtime": {
        "queries": 80028,
        "seconds": 4.163987423060462,
        "queries_per_second": 19219.078222186545,
        "seconds_per_10k_queries": 0.5203163171715477,
        "avg_memory_candidates": 43.05871694906783
      },
      "delta_vs_retrieval": {
        "auc_drop": 0.004386467377552328,
        "bce_increase": 0.006983126433447229,
        "rmse_increase": 0.003500886833349537
      }
    },
    "shuffle_student": {
      "overall": {
        "auc": 0.8252977593320017,
        "acc": 0.7675813465287149,
        "rmse": 0.39945666545311354,
        "bce": 0.4853740072755257,
        "n": 80028
      },
      "target_concept_unseen": {
        "auc": 0.8252977593320017,
        "acc": 0.7675813465287149,
        "rmse": 0.39945666545311354,
        "bce": 0.4853740072755257,
        "n": 80028
      },
      "runtime": {
        "queries": 80028,
        "seconds": 4.250955848023295,
        "queries_per_second": 18825.883603851875,
        "seconds_per_10k_queries": 0.5311835667545478,
        "avg_memory_candidates": 43.05871694906783
      },
      "delta_vs_retrieval": {
        "auc_drop": 0.007594697020995245,
        "bce_increase": 0.008348253090453117,
        "rmse_increase": 0.004102374864118297
      }
    }
  }
}