{
  "main": {
    "overall": {
      "auc": 0.7603226264120411,
      "acc": 0.7292862266857962,
      "rmse": 0.431490358459328,
      "bce": 0.5736547467020854,
      "n": 55760
    },
    "direct_seen": {
      "auc": 0.7596252653012647,
      "acc": 0.7272021156584617,
      "rmse": 0.43290237774304985,
      "bce": 0.5770370545673058,
      "n": 54073
    },
    "partial_overlap": {
      "auc": 0.7782816422382379,
      "acc": 0.8006993006993007,
      "rmse": 0.38346697854885775,
      "bce": 0.45775346247334087,
      "n": 286
    },
    "target_concept_unseen": {
      "auc": 0.7609272140934411,
      "acc": 0.795146324054247,
      "rmse": 0.3834919446735801,
      "bce": 0.46677125925979773,
      "n": 1401
    },
    "short_history": {
      "auc": 0.7639536866724326,
      "acc": 0.7241139680333565,
      "rmse": 0.43504229000209965,
      "bce": 0.5712953194327104,
      "n": 2878
    },
    "runtime": {
      "queries": 55760,
      "seconds": 3.359142603818327,
      "queries_per_second": 16599.473906412244,
      "seconds_per_10k_queries": 0.6024287309573757,
      "avg_memory_candidates": 102.67074964131994
    }
  },
  "fidelity": {
    "retrieval": {
      "overall": {
        "auc": 0.7603226264120411,
        "acc": 0.7292862266857962,
        "rmse": 0.431490358459328,
        "bce": 0.5736547467020854,
        "n": 55760
      },
      "direct_seen": {
        "auc": 0.7596252653012647,
        "acc": 0.7272021156584617,
        "rmse": 0.43290237774304985,
        "bce": 0.5770370545673058,
        "n": 54073
      },
      "partial_overlap": {
        "auc": 0.7782816422382379,
        "acc": 0.8006993006993007,
        "rmse": 0.38346697854885775,
        "bce": 0.45775346247334087,
        "n": 286
      },
      "target_concept_unseen": {
        "auc": 0.7609272140934411,
        "acc": 0.795146324054247,
        "rmse": 0.3834919446735801,
        "bce": 0.46677125925979773,
        "n": 1401
      },
      "short_history": {
        "auc": 0.7639536866724326,
        "acc": 0.7241139680333565,
        "rmse": 0.43504229000209965,
        "bce": 0.5712953194327104,
        "n": 2878
      },
      "runtime": {
        "queries": 55760,
        "seconds": 2.8866840440314263,
        "queries_per_second": 19316.28094709244,
        "seconds_per_10k_queries": 0.5176979992882759,
        "avg_memory_candidates": 102.67074964131994
      }
    },
    "support_deletion": {
      "overall": {
        "auc": 0.7386407561908692,
        "acc": 0.7035688665710187,
        "rmse": 0.450508091770285,
        "bce": 0.6029759818256955,
        "n": 55760
      },
      "direct_seen": {
        "auc": 0.737931906613354,
        "acc": 0.699665267323803,
        "rmse": 0.45313655904298794,
        "bce": 0.609166051983966,
        "n": 54073
      },
      "partial_overlap": {
        "auc": 0.7743946878289739,
        "acc": 0.8181818181818182,
        "rmse": 0.36426063516049867,
        "bce": 0.4112164270474852,
        "n": 286
      },
      "target_concept_unseen": {
        "auc": 0.7750059966418805,
        "acc": 0.8308351177730193,
        "rmse": 0.3544416155091029,
        "bce": 0.40320979267395246,
        "n": 1401
      },
      "short_history": {
        "auc": 0.7375606020001705,
        "acc": 0.687630298818624,
        "rmse": 0.46194070815803423,
        "bce": 0.6354230051949631,
        "n": 2878
      },
      "runtime": {
        "queries": 55760,
        "seconds": 2.817491329042241,
        "queries_per_second": 19790.65540512406,
        "seconds_per_10k_queries": 0.5052889757966716,
        "avg_memory_candidates": 102.67074964131994
      },
      "delta_vs_retrieval": {
        "auc_drop": 0.02168187022117185,
        "bce_increase": 0.029321235123610068,
        "rmse_increase": 0.01901773331095702
      }
    },
    "support_corruption": {
      "overall": {
        "auc": 0.7439760774420558,
        "acc": 0.7151004304160689,
        "rmse": 0.4369943966975505,
        "bce": 0.5679690404845674,
        "n": 55760
      },
      "direct_seen": {
        "auc": 0.743019888069308,
        "acc": 0.7117415345921254,
        "rmse": 0.4391094474535872,
        "bce": 0.5727362893316303,
        "n": 54073
      },
      "partial_overlap": {
        "auc": 0.7571463276378654,
        "acc": 0.7902097902097902,
        "rmse": 0.3763992113822678,
        "bce": 0.43677298253593005,
        "n": 286
      },
      "target_concept_unseen": {
        "auc": 0.786346312731537,
        "acc": 0.8294075660242684,
        "rmse": 0.35986972011152574,
        "bce": 0.4107546405317303,
        "n": 1401
      },
      "short_history": {
        "auc": 0.7537046398596714,
        "acc": 0.7105628908964559,
        "rmse": 0.43787837696216153,
        "bce": 0.5685782352443182,
        "n": 2878
      },
      "runtime": {
        "queries": 55760,
        "seconds": 2.828639768064022,
        "queries_per_second": 19712.65504697449,
        "seconds_per_10k_queries": 0.5072883371707356,
        "avg_memory_candidates": 102.67074964131994
      },
      "delta_vs_retrieval": {
        "auc_drop": 0.01634654896998522,
        "bce_increase": -0.005685706217517961,
        "rmse_increase": 0.005504038238222542
      }
    },
    "shuffle_student": {
      "overall": {
        "auc": 0.753852929272677,
        "acc": 0.725,
        "rmse": 0.4348032295025082,
        "bce": 0.5827794597549046,
        "n": 55760
      },
      "direct_seen": {
        "auc": 0.7533448813017233,
        "acc": 0.723226009283746,
        "rmse": 0.43610802668427656,
        "bce": 0.5860124685743755,
        "n": 54073
      },
      "partial_overlap": {
        "auc": 0.7677544740464816,
        "acc": 0.7902097902097902,
        "rmse": 0.3896983599889388,
        "bce": 0.468295517136121,
        "n": 286
      },
      "target_concept_unseen": {
        "auc": 0.748712387729538,
        "acc": 0.7801570306923626,
        "rmse": 0.3908799865094724,
        "bce": 0.4813689827340139,
        "n": 1401
      },
      "short_history": {
        "auc": 0.7293085281327276,
        "acc": 0.7015288394718554,
        "rmse": 0.4518920797863617,
        "bce": 0.6195615162101813,
        "n": 2878
      },
      "runtime": {
        "queries": 55760,
        "seconds": 2.93609625287354,
        "queries_per_second": 18991.203011627436,
        "seconds_per_10k_queries": 0.5265595862398744,
        "avg_memory_candidates": 102.67074964131994
      },
      "delta_vs_retrieval": {
        "auc_drop": 0.006469697139364072,
        "bce_increase": 0.009124713052819255,
        "rmse_increase": 0.003312871043180232
      }
    }
  }
}