{
  "main": {
    "overall": {
      "auc": 0.7410706265381106,
      "acc": 0.7828441326687589,
      "rmse": 0.39609111581863193,
      "bce": 0.4836611893903213,
      "n": 65004
    },
    "direct_seen": {
      "auc": 0.7495946303476602,
      "acc": 0.7913304799198616,
      "rmse": 0.3897773892601313,
      "bce": 0.4710648204014311,
      "n": 54905
    },
    "target_concept_unseen": {
      "auc": 0.69196473391128,
      "acc": 0.7367066046143183,
      "rmse": 0.4287932540662273,
      "bce": 0.5521435776797572,
      "n": 10099
    },
    "runtime": {
      "queries": 65004,
      "seconds": 3.9014556610491127,
      "queries_per_second": 16661.473472319365,
      "seconds_per_10k_queries": 0.6001870132682777,
      "avg_memory_candidates": 56.4708325641499
    }
  },
  "fidelity": {
    "retrieval": {
      "overall": {
        "auc": 0.7410706265381106,
        "acc": 0.7828441326687589,
        "rmse": 0.39609111581863193,
        "bce": 0.4836611893903213,
        "n": 65004
      },
      "direct_seen": {
        "auc": 0.7495946303476602,
        "acc": 0.7913304799198616,
        "rmse": 0.3897773892601313,
        "bce": 0.4710648204014311,
        "n": 54905
      },
      "target_concept_unseen": {
        "auc": 0.69196473391128,
        "acc": 0.7367066046143183,
        "rmse": 0.4287932540662273,
        "bce": 0.5521435776797572,
        "n": 10099
      },
      "runtime": {
        "queries": 65004,
        "seconds": 3.4125620420090854,
        "queries_per_second": 19048.44489266195,
        "seconds_per_10k_queries": 0.5249772386328665,
        "avg_memory_candidates": 56.4708325641499
      }
    },
    "support_deletion": {
      "overall": {
        "auc": 0.7050247860651584,
        "acc": 0.7023567780444281,
        "rmse": 0.44245633825857045,
        "bce": 0.5756899046012559,
        "n": 65004
      },
      "direct_seen": {
        "auc": 0.7110450949547519,
        "acc": 0.7021764866587743,
        "rmse": 0.44219714177811187,
        "bce": 0.574986186397443,
        "n": 54905
      },
      "target_concept_unseen": {
        "auc": 0.6891387706450964,
        "acc": 0.7033369640558471,
        "rmse": 0.4438629651340906,
        "bce": 0.5795157931031227,
        "n": 10099
      },
      "runtime": {
        "queries": 65004,
        "seconds": 3.350206623086706,
        "queries_per_second": 19402.982356983313,
        "seconds_per_10k_queries": 0.5153846875710273,
        "avg_memory_candidates": 56.4708325641499
      },
      "delta_vs_retrieval": {
        "auc_drop": 0.03604584047295223,
        "bce_increase": 0.09202871521093459,
        "rmse_increase": 0.046365222439938514
      }
    },
    "support_corruption": {
      "overall": {
        "auc": 0.7171188616428432,
        "acc": 0.7577995200295367,
        "rmse": 0.4121779434507612,
        "bce": 0.5153796269766088,
        "n": 65004
      },
      "direct_seen": {
        "auc": 0.7241705815258814,
        "acc": 0.7621345961205719,
        "rmse": 0.40880609541546004,
        "bce": 0.5083738956661248,
        "n": 54905
      },
      "target_concept_unseen": {
        "auc": 0.6912603727824657,
        "acc": 0.7342311119912862,
        "rmse": 0.43004745665091876,
        "bce": 0.5534675245508368,
        "n": 10099
      },
      "runtime": {
        "queries": 65004,
        "seconds": 3.3428416589740664,
        "queries_per_second": 19445.7310969225,
        "seconds_per_10k_queries": 0.514251685892263,
        "avg_memory_candidates": 56.4708325641499
      },
      "delta_vs_retrieval": {
        "auc_drop": 0.023951764895267402,
        "bce_increase": 0.03171843758628745,
        "rmse_increase": 0.016086827632129264
      }
    },
    "shuffle_student": {
      "overall": {
        "auc": 0.7142706797589371,
        "acc": 0.7702449080056611,
        "rmse": 0.40517468455753036,
        "bce": 0.501705408649938,
        "n": 65004
      },
      "direct_seen": {
        "auc": 0.7215106687363215,
        "acc": 0.7778162280302341,
        "rmse": 0.3996516782382953,
        "bce": 0.4904359049019898,
        "n": 54905
      },
      "target_concept_unseen": {
        "auc": 0.674599645177179,
        "acc": 0.7290820873353797,
        "rmse": 0.43397340391559863,
        "bce": 0.562974059336253,
        "n": 10099
      },
      "runtime": {
        "queries": 65004,
        "seconds": 3.4027553140185773,
        "queries_per_second": 19103.342439051765,
        "seconds_per_10k_queries": 0.5234686040887603,
        "avg_memory_candidates": 56.4708325641499
      },
      "delta_vs_retrieval": {
        "auc_drop": 0.026799946779173522,
        "bce_increase": 0.018044219259616634,
        "rmse_increase": 0.009083568738898429
      }
    }
  }
}