{
  "dataset": "nips34_retricd_small",
  "model": "ncdm",
  "seed": 42,
  "best_valid_auc": 0.7877848853768064,
  "best_epoch": 7,
  "test": {
    "auc": 0.7889065060703343,
    "acc": 0.7210931635575079,
    "rmse": 0.42963987546193466,
    "bce": 0.5440281202319132,
    "n": 71938
  },
  "doa": {
    "aggregate": 0.6605860613276778,
    "exposure_stratified": {
      "per_decile": {
        "0": 0.5950896120878735,
        "1": 0.6344513386403987,
        "2": 0.6057772194141036,
        "3": 0.6422786565245435,
        "4": 0.6809036940342985,
        "5": 0.6652970585865225,
        "6": 0.6626431665261402,
        "7": 0.6896000742274928,
        "8": 0.7017601302855668,
        "9": 0.7194351013042641
      },
      "decile_counts": {
        "0": 7,
        "1": 9,
        "2": 8,
        "3": 9,
        "4": 8,
        "5": 9,
        "6": 9,
        "7": 8,
        "8": 9,
        "9": 8
      },
      "per_decile_pairs": {
        "0": 492,
        "1": 6372,
        "2": 20502,
        "3": 78327,
        "4": 95969,
        "5": 134008,
        "6": 186839,
        "7": 224737,
        "8": 465015,
        "9": 2188305
      },
      "n_measurable_deciles": 10,
      "head_decile_doa": 0.7194351013042641,
      "tail_decile_doa": 0.5950896120878735,
      "head_minus_tail_gap": 0.12434548921639066,
      "bottom_group_doa": 0.6134127953204805,
      "top_group_doa": 0.7035249030729663,
      "group_gap": 0.09011210775248579,
      "group_gap_ci95": [
        0.045920894450854885,
        0.13567094385640688
      ],
      "group_gap_p_le_0": 0.0,
      "bottom_group_ci95": [
        0.5692185195414172,
        0.656669058234346
      ],
      "top_group_ci95": [
        0.6956007849025261,
        0.7120338521295716
      ]
    }
  },
  "calibration": {
    "temperature": 1.1700000000000002,
    "ece_uncalibrated": 0.02040245807452743,
    "ece_calibrated": 0.01742826134531906,
    "ece_certified": NaN,
    "ece_abstained": 0.01742826134531906
  },
  "certificate": {
    "n_min": 2,
    "concept_identifiable_fraction": 0.0,
    "certified_cell_fraction": 0.0,
    "certified_prediction_fraction": 0.0
  },
  "selective": {
    "per_method": {
      "certificate": {
        "aurc": 0.2816945023449478,
        "selective_auc": {
          "0.50": 0.7835797396669663,
          "0.70": 0.7881976983565968,
          "0.90": 0.789943996505482,
          "1.00": 0.7889065060703343
        }
      },
      "count": {
        "aurc": 0.271764556309669,
        "selective_auc": {
          "0.50": 0.7975809219629652,
          "0.70": 0.7933963556349459,
          "0.90": 0.7905635233570736,
          "1.00": 0.7889065060703343
        }
      },
      "prob_margin": {
        "aurc": 0.16009954628147402,
        "selective_auc": {
          "0.50": 0.8581674482766799,
          "0.70": 0.830201193745139,
          "0.90": 0.8024860414095505,
          "1.00": 0.7889065060703343
        }
      },
      "mc_dropout": {
        "aurc": 0.23046599020022626,
        "selective_auc": {
          "0.50": 0.7923417427412925,
          "0.70": 0.7960538439942899,
          "0.90": 0.7931203672000787,
          "1.00": 0.7889065060703343
        }
      },
      "ability": {
        "aurc": 0.21093205994165182,
        "selective_auc": {
          "0.50": 0.8281680850242954,
          "0.70": 0.8087880877797453,
          "0.90": 0.7942648459242584,
          "1.00": 0.7889065060703343
        }
      },
      "random": {
        "aurc": 0.2758063367111718,
        "selective_auc": {
          "0.50": 0.7908767542139865,
          "0.70": 0.7899671410622339,
          "0.90": 0.789113546839949,
          "1.00": 0.7889065060703343
        }
      }
    },
    "certificate_excess_aurc_vs": {
      "count": -0.009929946035278803,
      "prob_margin": -0.12159495606347379,
      "mc_dropout": -0.051228512144721544,
      "ability": -0.07076244240329599,
      "random": -0.005888165633776032
    }
  },
  "kill_switch_pass": false,
  "config": {
    "dataset": "nips34_retricd_small",
    "data_root": "data_retricd",
    "output_dir": "outputs/certcd_run",
    "model": "ncdm",
    "epochs": 30,
    "lr": 0.001,
    "batch_size": 256,
    "dropout": 0.2,
    "latent_dim": 32,
    "grad_clip": 5.0,
    "patience": 8,
    "n_min": 2,
    "mc_passes": 20,
    "doa_max_responders": 80,
    "num_workers": 2,
    "seed": 42,
    "device": "cuda:0"
  }
}