{
  "main": {
    "overall": {
      "auc": 0.7424893901314498,
      "acc": 0.7402974149032792,
      "rmse": 0.4215061553333679,
      "bce": 0.5388932547564899,
      "n": 73769
    },
    "direct_seen": {
      "auc": 0.7468486107847053,
      "acc": 0.7484531650622572,
      "rmse": 0.4160562772991782,
      "bce": 0.527194073767133,
      "n": 65133
    },
    "target_concept_unseen": {
      "auc": 0.6999466391714957,
      "acc": 0.6787864752200092,
      "rmse": 0.46053665318037057,
      "bce": 0.6271288679315463,
      "n": 8636
    },
    "short_history": {
      "auc": 0.7680196509577861,
      "acc": 0.7524366471734892,
      "rmse": 0.4158934830289599,
      "bce": 0.5295779241876101,
      "n": 1539
    },
    "runtime": {
      "queries": 73769,
      "seconds": 4.2422794620506465,
      "queries_per_second": 17389.00057384275,
      "seconds_per_10k_queries": 0.5750761786184775,
      "avg_memory_candidates": 100.8464802288224
    }
  },
  "fidelity": {
    "retrieval": {
      "overall": {
        "auc": 0.7424893901314498,
        "acc": 0.7402974149032792,
        "rmse": 0.4215061553333679,
        "bce": 0.5388932547564899,
        "n": 73769
      },
      "direct_seen": {
        "auc": 0.7468486107847053,
        "acc": 0.7484531650622572,
        "rmse": 0.4160562772991782,
        "bce": 0.527194073767133,
        "n": 65133
      },
      "target_concept_unseen": {
        "auc": 0.6999466391714957,
        "acc": 0.6787864752200092,
        "rmse": 0.46053665318037057,
        "bce": 0.6271288679315463,
        "n": 8636
      },
      "short_history": {
        "auc": 0.7680196509577861,
        "acc": 0.7524366471734892,
        "rmse": 0.4158934830289599,
        "bce": 0.5295779241876101,
        "n": 1539
      },
      "runtime": {
        "queries": 73769,
        "seconds": 3.804661094211042,
        "queries_per_second": 19389.111979577567,
        "seconds_per_10k_queries": 0.5157533780058076,
        "avg_memory_candidates": 100.8464802288224
      }
    },
    "support_deletion": {
      "overall": {
        "auc": 0.7054625882877924,
        "acc": 0.6937738074258835,
        "rmse": 0.4466568747942905,
        "bce": 0.5846983762522342,
        "n": 73769
      },
      "direct_seen": {
        "auc": 0.708530478664207,
        "acc": 0.6976801314233952,
        "rmse": 0.44436839896877817,
        "bce": 0.5796605068063918,
        "n": 65133
      },
      "target_concept_unseen": {
        "auc": 0.6918914491567411,
        "acc": 0.6643121815655396,
        "rmse": 0.4635530874009811,
        "bce": 0.6226941556195394,
        "n": 8636
      },
      "short_history": {
        "auc": 0.7143123155246529,
        "acc": 0.7011046133853152,
        "rmse": 0.4448565106023847,
        "bce": 0.5861916541124887,
        "n": 1539
      },
      "runtime": {
        "queries": 73769,
        "seconds": 3.662616217043251,
        "queries_per_second": 20141.067376027753,
        "seconds_per_10k_queries": 0.49649801638130525,
        "avg_memory_candidates": 100.8464802288224
      },
      "delta_vs_retrieval": {
        "auc_drop": 0.037026801843657364,
        "bce_increase": 0.04580512149574434,
        "rmse_increase": 0.02515071946092262
      }
    },
    "support_corruption": {
      "overall": {
        "auc": 0.7163675499566269,
        "acc": 0.7229459529070477,
        "rmse": 0.43191840438130114,
        "bce": 0.5541550660049881,
        "n": 73769
      },
      "direct_seen": {
        "auc": 0.7192378137608118,
        "acc": 0.729369136996607,
        "rmse": 0.4283830088013419,
        "bce": 0.5467269410836301,
        "n": 65133
      },
      "target_concept_unseen": {
        "auc": 0.7019859408561199,
        "acc": 0.6745020842982863,
        "rmse": 0.45770346283726826,
        "bce": 0.6101782318807165,
        "n": 8636
      },
      "short_history": {
        "auc": 0.7456132010063192,
        "acc": 0.7348927875243665,
        "rmse": 0.4231852564878295,
        "bce": 0.5380058857427877,
        "n": 1539
      },
      "runtime": {
        "queries": 73769,
        "seconds": 3.6615513539873064,
        "queries_per_second": 20146.924860050927,
        "seconds_per_10k_queries": 0.49635366535906766,
        "avg_memory_candidates": 100.8464802288224
      },
      "delta_vs_retrieval": {
        "auc_drop": 0.026121840174822886,
        "bce_increase": 0.015261811248498236,
        "rmse_increase": 0.010412249047933253
      }
    },
    "shuffle_student": {
      "overall": {
        "auc": 0.7251594187089236,
        "acc": 0.7316894630535862,
        "rmse": 0.42777504575188613,
        "bce": 0.5528548709771676,
        "n": 73769
      },
      "direct_seen": {
        "auc": 0.7280309673834828,
        "acc": 0.7390263000322417,
        "rmse": 0.4229895738732623,
        "bce": 0.5423014538662999,
        "n": 65133
      },
      "target_concept_unseen": {
        "auc": 0.6959018596822506,
        "acc": 0.6763547938860583,
        "rmse": 0.4622743745703982,
        "bce": 0.6324490947708392,
        "n": 8636
      },
      "short_history": {
        "auc": 0.7257275014361839,
        "acc": 0.7400909681611436,
        "rmse": 0.43037939719336743,
        "bce": 0.5716035680510451,
        "n": 1539
      },
      "runtime": {
        "queries": 73769,
        "seconds": 3.8499001341406256,
        "queries_per_second": 19161.276248654358,
        "seconds_per_10k_queries": 0.5218859052095901,
        "avg_memory_candidates": 100.8464802288224
      },
      "delta_vs_retrieval": {
        "auc_drop": 0.017329971422526125,
        "bce_increase": 0.013961616220677708,
        "rmse_increase": 0.006268890418518247
      }
    }
  }
}