{
  "nips34_l3_retricd_small": {
    "main": {
      "overall": {
        "auc": 0.7835171301381275,
        "acc": 0.7163946731908032,
        "rmse": 0.43245118618172973,
        "bce": 0.5492949234526786,
        "n": 71938
      },
      "direct_seen": {
        "auc": 0.7838855292384628,
        "acc": 0.7167573817648552,
        "rmse": 0.432299477916449,
        "bce": 0.5489811445342898,
        "n": 70918
      },
      "partial_overlap": {
        "auc": 0.6328125,
        "acc": 0.6666666666666666,
        "rmse": 0.46771743216156575,
        "bce": 0.6286252593377822,
        "n": 24
      },
      "target_concept_unseen": {
        "auc": 0.7587343521877288,
        "acc": 0.6917670682730924,
        "rmse": 0.4422546605306126,
        "bce": 0.569725290192686,
        "n": 996
      },
      "short_history": {
        "auc": 0.7925016160310278,
        "acc": 0.7441860465116279,
        "rmse": 0.42864012948092617,
        "bce": 0.544311107740885,
        "n": 473
      },
      "runtime": {
        "queries": 71938,
        "seconds": 3.964603642001748,
        "queries_per_second": 18145.06732473215,
        "seconds_per_10k_queries": 0.551113965081285,
        "avg_memory_candidates": 123.94346520614974
      }
    },
    "fidelity": {
      "retrieval": {
        "overall": {
          "auc": 0.7835171301381275,
          "acc": 0.7163946731908032,
          "rmse": 0.43245118618172973,
          "bce": 0.5492949234526786,
          "n": 71938
        },
        "direct_seen": {
          "auc": 0.7838855292384628,
          "acc": 0.7167573817648552,
          "rmse": 0.432299477916449,
          "bce": 0.5489811445342898,
          "n": 70918
        },
        "partial_overlap": {
          "auc": 0.6328125,
          "acc": 0.6666666666666666,
          "rmse": 0.46771743216156575,
          "bce": 0.6286252593377822,
          "n": 24
        },
        "target_concept_unseen": {
          "auc": 0.7587343521877288,
          "acc": 0.6917670682730924,
          "rmse": 0.4422546605306126,
          "bce": 0.569725290192686,
          "n": 996
        },
        "short_history": {
          "auc": 0.7925016160310278,
          "acc": 0.7441860465116279,
          "rmse": 0.42864012948092617,
          "bce": 0.544311107740885,
          "n": 473
        },
        "runtime": {
          "queries": 71938,
          "seconds": 3.545219280058518,
          "queries_per_second": 20291.551612799696,
          "seconds_per_10k_queries": 0.4928159359529759,
          "avg_memory_candidates": 123.94346520614974
        }
      },
      "support_deletion": {
        "overall": {
          "auc": 0.7645633777495592,
          "acc": 0.6933331479885457,
          "rmse": 0.4442187311881615,
          "bce": 0.5746133886224267,
          "n": 71938
        },
        "direct_seen": {
          "auc": 0.7647319077840519,
          "acc": 0.6935051749908345,
          "rmse": 0.444198520077658,
          "bce": 0.5745733014462416,
          "n": 70918
        },
        "partial_overlap": {
          "auc": 0.6015625,
          "acc": 0.625,
          "rmse": 0.48675273452092555,
          "bce": 0.6724041894949119,
          "n": 24
        },
        "target_concept_unseen": {
          "auc": 0.7555894537528168,
          "acc": 0.6827309236947792,
          "rmse": 0.44458555818350814,
          "bce": 0.5751113034213917,
          "n": 996
        },
        "short_history": {
          "auc": 0.7698592257415786,
          "acc": 0.6680761099365751,
          "rmse": 0.4450910251723917,
          "bce": 0.5754856009555603,
          "n": 473
        },
        "runtime": {
          "queries": 71938,
          "seconds": 3.4761348778847605,
          "queries_per_second": 20694.824144388353,
          "seconds_per_10k_queries": 0.48321261056531467,
          "avg_memory_candidates": 123.94346520614974
        },
        "delta_vs_retrieval": {
          "auc_drop": 0.018953752388568335,
          "bce_increase": 0.025318465169748117,
          "rmse_increase": 0.01176754500643179
        }
      },
      "support_corruption": {
        "overall": {
          "auc": 0.7697322012481738,
          "acc": 0.7012427368011344,
          "rmse": 0.44167424396396854,
          "bce": 0.5694572515280009,
          "n": 71938
        },
        "direct_seen": {
          "auc": 0.769974253257919,
          "acc": 0.7015426266956203,
          "rmse": 0.4416107952868602,
          "bce": 0.5693245503832121,
          "n": 70918
        },
        "partial_overlap": {
          "auc": 0.6015625,
          "acc": 0.625,
          "rmse": 0.5003036828488251,
          "bce": 0.7170588892045098,
          "n": 24
        },
        "target_concept_unseen": {
          "auc": 0.7552459277859342,
          "acc": 0.6817269076305221,
          "rmse": 0.44467230839894006,
          "bce": 0.5753492801242797,
          "n": 996
        },
        "short_history": {
          "auc": 0.78409825468649,
          "acc": 0.7061310782241015,
          "rmse": 0.43806558902743675,
          "bce": 0.5628325860145351,
          "n": 473
        },
        "runtime": {
          "queries": 71938,
          "seconds": 3.4596397639252245,
          "queries_per_second": 20793.494383467503,
          "seconds_per_10k_queries": 0.4809196480198538,
          "avg_memory_candidates": 123.94346520614974
        },
        "delta_vs_retrieval": {
          "auc_drop": 0.013784928889953751,
          "bce_increase": 0.020162328075322256,
          "rmse_increase": 0.009223057782238808
        }
      },
      "shuffle_student": {
        "overall": {
          "auc": 0.7796393839242794,
          "acc": 0.7127804498317996,
          "rmse": 0.43440780172749377,
          "bce": 0.5540509226510434,
          "n": 71938
        },
        "direct_seen": {
          "auc": 0.780086597572418,
          "acc": 0.713203982063792,
          "rmse": 0.43421671336692613,
          "bce": 0.5536612727998864,
          "n": 70918
        },
        "partial_overlap": {
          "auc": 0.578125,
          "acc": 0.625,
          "rmse": 0.5089318483290187,
          "bce": 0.7454334790068079,
          "n": 24
        },
        "target_concept_unseen": {
          "auc": 0.7508577925184953,
          "acc": 0.6847389558232931,
          "rmse": 0.4459086827602026,
          "bce": 0.5771834595906064,
          "n": 996
        },
        "short_history": {
          "auc": 0.7713316095669037,
          "acc": 0.7209302325581395,
          "rmse": 0.43695286189289106,
          "bce": 0.5639567049027439,
          "n": 473
        },
        "runtime": {
          "queries": 71938,
          "seconds": 3.6070039779879153,
          "queries_per_second": 19943.97578683264,
          "seconds_per_10k_queries": 0.5014045397408762,
          "avg_memory_candidates": 123.94346520614974
        },
        "delta_vs_retrieval": {
          "auc_drop": 0.0038777462138480656,
          "bce_increase": 0.00475599919836478,
          "rmse_increase": 0.00195661554576404
        }
      }
    }
  }
}