{
  "main": {
    "overall": {
      "auc": 0.7178122507639866,
      "acc": 0.7561944050535001,
      "rmse": 0.4133261304690488,
      "bce": 0.5178905423757091,
      "n": 77570
    },
    "direct_seen": {
      "auc": 0.7103275226373235,
      "acc": 0.7636270939548434,
      "rmse": 0.4093810248477592,
      "bce": 0.5104673872312836,
      "n": 68650
    },
    "target_concept_unseen": {
      "auc": 0.7317798711494397,
      "acc": 0.6989910313901345,
      "rmse": 0.44251304882012615,
      "bce": 0.5750205424502391,
      "n": 8920
    },
    "short_history": {
      "auc": 0.8425763521333732,
      "acc": 0.8628133704735376,
      "rmse": 0.3350747807505516,
      "bce": 0.37845303067267155,
      "n": 2872
    },
    "runtime": {
      "queries": 77570,
      "seconds": 4.486212967894971,
      "queries_per_second": 17290.752925712648,
      "seconds_per_10k_queries": 0.5783438143476822,
      "avg_memory_candidates": 62.67132912208328
    }
  },
  "fidelity": {
    "retrieval": {
      "overall": {
        "auc": 0.7178122507639866,
        "acc": 0.7561944050535001,
        "rmse": 0.4133261304690488,
        "bce": 0.5178905423757091,
        "n": 77570
      },
      "direct_seen": {
        "auc": 0.7103275226373235,
        "acc": 0.7636270939548434,
        "rmse": 0.4093810248477592,
        "bce": 0.5104673872312836,
        "n": 68650
      },
      "target_concept_unseen": {
        "auc": 0.7317798711494397,
        "acc": 0.6989910313901345,
        "rmse": 0.44251304882012615,
        "bce": 0.5750205424502391,
        "n": 8920
      },
      "short_history": {
        "auc": 0.8425763521333732,
        "acc": 0.8628133704735376,
        "rmse": 0.3350747807505516,
        "bce": 0.37845303067267155,
        "n": 2872
      },
      "runtime": {
        "queries": 77570,
        "seconds": 4.150029977085069,
        "queries_per_second": 18691.431249488043,
        "seconds_per_10k_queries": 0.5350045090995319,
        "avg_memory_candidates": 62.67132912208328
      }
    },
    "support_deletion": {
      "overall": {
        "auc": 0.6606235832351064,
        "acc": 0.6537192213484595,
        "rmse": 0.46530517948968597,
        "bce": 0.6226799585598704,
        "n": 77570
      },
      "direct_seen": {
        "auc": 0.6581497304753448,
        "acc": 0.6491915513474145,
        "rmse": 0.46762826534396623,
        "bce": 0.6277247324693304,
        "n": 68650
      },
      "target_concept_unseen": {
        "auc": 0.7197466974752689,
        "acc": 0.6885650224215246,
        "rmse": 0.44702220106249724,
        "bce": 0.583854428415875,
        "n": 8920
      },
      "short_history": {
        "auc": 0.79019093722772,
        "acc": 0.7834261838440112,
        "rmse": 0.4029711119104444,
        "bce": 0.49952077319508964,
        "n": 2872
      },
      "runtime": {
        "queries": 77570,
        "seconds": 3.980762602062896,
        "queries_per_second": 19486.216022980614,
        "seconds_per_10k_queries": 0.5131832669927673,
        "avg_memory_candidates": 62.67132912208328
      },
      "delta_vs_retrieval": {
        "auc_drop": 0.05718866752888019,
        "bce_increase": 0.10478941618416127,
        "rmse_increase": 0.05197904902063716
      }
    },
    "support_corruption": {
      "overall": {
        "auc": 0.6820460426261931,
        "acc": 0.7001933737269563,
        "rmse": 0.4451903125374726,
        "bce": 0.5810335607349412,
        "n": 77570
      },
      "direct_seen": {
        "auc": 0.6778508932222901,
        "acc": 0.7013255644573926,
        "rmse": 0.4452927735627454,
        "bce": 0.5813839199056298,
        "n": 68650
      },
      "target_concept_unseen": {
        "auc": 0.7269981464531835,
        "acc": 0.6914798206278027,
        "rmse": 0.4444008580663931,
        "bce": 0.5783371305703924,
        "n": 8920
      },
      "short_history": {
        "auc": 0.8187348010975722,
        "acc": 0.8561977715877437,
        "rmse": 0.3497386885021102,
        "bce": 0.4056393016935379,
        "n": 2872
      },
      "runtime": {
        "queries": 77570,
        "seconds": 3.969440048094839,
        "queries_per_second": 19541.799110237294,
        "seconds_per_10k_queries": 0.511723610686456,
        "avg_memory_candidates": 62.67132912208328
      },
      "delta_vs_retrieval": {
        "auc_drop": 0.03576620813779352,
        "bce_increase": 0.06314301835923208,
        "rmse_increase": 0.031864182068423785
      }
    },
    "shuffle_student": {
      "overall": {
        "auc": 0.6807324097538602,
        "acc": 0.7346010055433801,
        "rmse": 0.42735611725090233,
        "bce": 0.5461991093755569,
        "n": 77570
      },
      "direct_seen": {
        "auc": 0.6711301230447457,
        "acc": 0.7401747997086672,
        "rmse": 0.42476138190163315,
        "bce": 0.5412883179395831,
        "n": 68650
      },
      "target_concept_unseen": {
        "auc": 0.7162108801983824,
        "acc": 0.6917040358744395,
        "rmse": 0.4468217337813859,
        "bce": 0.5839934851692349,
        "n": 8920
      },
      "short_history": {
        "auc": 0.6642221087948814,
        "acc": 0.7764623955431755,
        "rmse": 0.4029782856245273,
        "bce": 0.4988397816486869,
        "n": 2872
      },
      "runtime": {
        "queries": 77570,
        "seconds": 4.180635676952079,
        "queries_per_second": 18554.59456265104,
        "seconds_per_10k_queries": 0.5389500679324583,
        "avg_memory_candidates": 62.67132912208328
      },
      "delta_vs_retrieval": {
        "auc_drop": 0.0370798410101264,
        "bce_increase": 0.02830856699984785,
        "rmse_increase": 0.01402998678185352
      }
    }
  }
}