{
  "main": {
    "overall": {
      "auc": 0.8183357842938425,
      "acc": 0.7766769187425164,
      "rmse": 0.3934348896658114,
      "bce": 0.47319399619815944,
      "n": 42593
    },
    "direct_seen": {
      "auc": 0.8159220735501205,
      "acc": 0.7852437071839156,
      "rmse": 0.38749264817800855,
      "bce": 0.4615766386793662,
      "n": 38099
    },
    "target_concept_unseen": {
      "auc": 0.7767070008643042,
      "acc": 0.7040498442367601,
      "rmse": 0.44060369128924687,
      "bce": 0.571683026929913,
      "n": 4494
    },
    "short_history": {
      "auc": 0.7517791538499046,
      "acc": 0.7207823960880195,
      "rmse": 0.43187501852143134,
      "bce": 0.5548863103408556,
      "n": 2045
    },
    "runtime": {
      "queries": 42593,
      "seconds": 2.676450737984851,
      "queries_per_second": 15913.98615917327,
      "seconds_per_10k_queries": 0.6283780757365884,
      "avg_memory_candidates": 43.08473223299603
    }
  },
  "fidelity": {
    "retrieval": {
      "overall": {
        "auc": 0.8183357842938425,
        "acc": 0.7766769187425164,
        "rmse": 0.3934348896658114,
        "bce": 0.47319399619815944,
        "n": 42593
      },
      "direct_seen": {
        "auc": 0.8159220735501205,
        "acc": 0.7852437071839156,
        "rmse": 0.38749264817800855,
        "bce": 0.4615766386793662,
        "n": 38099
      },
      "target_concept_unseen": {
        "auc": 0.7767070008643042,
        "acc": 0.7040498442367601,
        "rmse": 0.44060369128924687,
        "bce": 0.571683026929913,
        "n": 4494
      },
      "short_history": {
        "auc": 0.7517791538499046,
        "acc": 0.7207823960880195,
        "rmse": 0.43187501852143134,
        "bce": 0.5548863103408556,
        "n": 2045
      },
      "runtime": {
        "queries": 42593,
        "seconds": 2.2791124200448394,
        "queries_per_second": 18688.415553964653,
        "seconds_per_10k_queries": 0.535090841228568,
        "avg_memory_candidates": 43.08473223299603
      }
    },
    "support_deletion": {
      "overall": {
        "auc": 0.8043528278483623,
        "acc": 0.7621440142746461,
        "rmse": 0.40201486645320483,
        "bce": 0.4900945182857807,
        "n": 42593
      },
      "direct_seen": {
        "auc": 0.8033647281101224,
        "acc": 0.7696002519751175,
        "rmse": 0.3963669476179888,
        "bce": 0.4788508958180978,
        "n": 38099
      },
      "target_concept_unseen": {
        "auc": 0.7665518225718204,
        "acc": 0.6989319092122831,
        "rmse": 0.4470390345546634,
        "bce": 0.5854151173948711,
        "n": 4494
      },
      "short_history": {
        "auc": 0.743512474746297,
        "acc": 0.7124694376528118,
        "rmse": 0.4369309846263781,
        "bce": 0.5651681646537504,
        "n": 2045
      },
      "runtime": {
        "queries": 42593,
        "seconds": 2.2673897109925747,
        "queries_per_second": 18785.03717005686,
        "seconds_per_10k_queries": 0.5323385793422803,
        "avg_memory_candidates": 43.08473223299603
      },
      "delta_vs_retrieval": {
        "auc_drop": 0.013982956445480199,
        "bce_increase": 0.016900522087621273,
        "rmse_increase": 0.008579976787393417
      }
    },
    "support_corruption": {
      "overall": {
        "auc": 0.8122072639595733,
        "acc": 0.7711126241401169,
        "rmse": 0.39691131605863694,
        "bce": 0.4799734899547296,
        "n": 42593
      },
      "direct_seen": {
        "auc": 0.8101977277647451,
        "acc": 0.7792592981443083,
        "rmse": 0.39103202594883435,
        "bce": 0.46834595242864924,
        "n": 38099
      },
      "target_concept_unseen": {
        "auc": 0.7733596060675743,
        "acc": 0.7020471740097909,
        "rmse": 0.44363507340689695,
        "bce": 0.5785488242240073,
        "n": 4494
      },
      "short_history": {
        "auc": 0.7518422218594781,
        "acc": 0.7212713936430318,
        "rmse": 0.4313491423989125,
        "bce": 0.5542414902223278,
        "n": 2045
      },
      "runtime": {
        "queries": 42593,
        "seconds": 2.205596665851772,
        "queries_per_second": 19311.327705308784,
        "seconds_per_10k_queries": 0.5178307857750738,
        "avg_memory_candidates": 43.08473223299603
      },
      "delta_vs_retrieval": {
        "auc_drop": 0.0061285203342691386,
        "bce_increase": 0.006779493756570165,
        "rmse_increase": 0.003476426392825527
      }
    },
    "shuffle_student": {
      "overall": {
        "auc": 0.8080637609054171,
        "acc": 0.7692578592726504,
        "rmse": 0.39920631732729583,
        "bce": 0.4855937616641797,
        "n": 42593
      },
      "direct_seen": {
        "auc": 0.8064549083291807,
        "acc": 0.778314391453844,
        "rmse": 0.3928517009927931,
        "bce": 0.4730078217225913,
        "n": 38099
      },
      "target_concept_unseen": {
        "auc": 0.7614449937754236,
        "acc": 0.6924788607031598,
        "rmse": 0.4494847380940027,
        "bce": 0.5922941901987987,
        "n": 4494
      },
      "short_history": {
        "auc": 0.7301229773188358,
        "acc": 0.7114914425427873,
        "rmse": 0.44648124179758647,
        "bce": 0.5916592129987467,
        "n": 2045
      },
      "runtime": {
        "queries": 42593,
        "seconds": 2.257222587009892,
        "queries_per_second": 18869.649916281538,
        "seconds_per_10k_queries": 0.5299515382832606,
        "avg_memory_candidates": 43.08473223299603
      },
      "delta_vs_retrieval": {
        "auc_drop": 0.010272023388425366,
        "bce_increase": 0.012399765466020285,
        "rmse_increase": 0.0057714276614844184
      }
    }
  }
}