{
  "main": {
    "overall": {
      "auc": 0.7557940742424126,
      "acc": 0.7169117647058824,
      "rmse": 0.43651618354112487,
      "bce": 0.5903020078503952,
      "n": 55760
    },
    "direct_seen": {
      "auc": 0.7547995545494868,
      "acc": 0.7146559064154296,
      "rmse": 0.43774066844952414,
      "bce": 0.593040915823125,
      "n": 54026
    },
    "partial_overlap": {
      "auc": 0.7864431486880467,
      "acc": 0.8095238095238095,
      "rmse": 0.3896941347023903,
      "bce": 0.471923168885564,
      "n": 252
    },
    "target_concept_unseen": {
      "auc": 0.775794268416318,
      "acc": 0.7834008097165992,
      "rmse": 0.3976171687919057,
      "bce": 0.5105848859100632,
      "n": 1482
    },
    "short_history": {
      "auc": 0.7559683570397856,
      "acc": 0.7136900625434329,
      "rmse": 0.44157683190630587,
      "bce": 0.6066018468060048,
      "n": 2878
    },
    "runtime": {
      "queries": 55760,
      "seconds": 2.848490047035739,
      "queries_per_second": 19575.28342359007,
      "seconds_per_10k_queries": 0.5108482867711153,
      "avg_memory_candidates": 102.6741212338594
    }
  }
}