{
  "main": {
    "overall": {
      "auc": 0.7212916400189371,
      "acc": 0.7002020146114678,
      "rmse": 0.4501982417807781,
      "bce": 0.6133174069511085,
      "n": 72272
    },
    "direct_seen": {
      "auc": 0.7194560521000976,
      "acc": 0.7042648803060423,
      "rmse": 0.4481583726764968,
      "bce": 0.6098502668108898,
      "n": 59861
    },
    "partial_overlap": {
      "auc": 0.7220502658875387,
      "acc": 0.6991062562065541,
      "rmse": 0.4518560201370704,
      "bce": 0.6240857044993855,
      "n": 4028
    },
    "target_concept_unseen": {
      "auc": 0.7171111836160448,
      "acc": 0.6717165692472862,
      "rmse": 0.463729934463929,
      "bce": 0.6329012997590729,
      "n": 8383
    },
    "runtime": {
      "queries": 72272,
      "seconds": 4.122750089038163,
      "queries_per_second": 17530.046313542385,
      "seconds_per_10k_queries": 0.5704491489149551,
      "avg_memory_candidates": 118.71128514500775
    }
  },
  "fidelity": {
    "retrieval": {
      "overall": {
        "auc": 0.7212916400189371,
        "acc": 0.7002020146114678,
        "rmse": 0.4501982417807781,
        "bce": 0.6133174069511085,
        "n": 72272
      },
      "direct_seen": {
        "auc": 0.7194560521000976,
        "acc": 0.7042648803060423,
        "rmse": 0.4481583726764968,
        "bce": 0.6098502668108898,
        "n": 59861
      },
      "partial_overlap": {
        "auc": 0.7220502658875387,
        "acc": 0.6991062562065541,
        "rmse": 0.4518560201370704,
        "bce": 0.6240857044993855,
        "n": 4028
      },
      "target_concept_unseen": {
        "auc": 0.7171111836160448,
        "acc": 0.6717165692472862,
        "rmse": 0.463729934463929,
        "bce": 0.6329012997590729,
        "n": 8383
      },
      "runtime": {
        "queries": 72272,
        "seconds": 3.713953801896423,
        "queries_per_second": 19459.58508237135,
        "seconds_per_10k_queries": 0.5138855714379598,
        "avg_memory_candidates": 118.71128514500775
      }
    },
    "support_deletion": {
      "overall": {
        "auc": 0.6844334591251907,
        "acc": 0.6553852114235111,
        "rmse": 0.4648542483130002,
        "bce": 0.6215748691718862,
        "n": 72272
      },
      "direct_seen": {
        "auc": 0.6817908560146589,
        "acc": 0.6568216367919012,
        "rmse": 0.46437125675546176,
        "bce": 0.6205416467543554,
        "n": 59861
      },
      "partial_overlap": {
        "auc": 0.6975651576116626,
        "acc": 0.6735352532274081,
        "rmse": 0.45776035155045824,
        "bce": 0.607141451857289,
        "n": 4028
      },
      "target_concept_unseen": {
        "auc": 0.686181793779771,
        "acc": 0.6364070141953955,
        "rmse": 0.4716346355902764,
        "bce": 0.6358880663660905,
        "n": 8383
      },
      "runtime": {
        "queries": 72272,
        "seconds": 3.5852287290617824,
        "queries_per_second": 20158.267564399677,
        "seconds_per_10k_queries": 0.49607437583874564,
        "avg_memory_candidates": 118.71128514500775
      },
      "delta_vs_retrieval": {
        "auc_drop": 0.03685818089374637,
        "bce_increase": 0.008257462220777723,
        "rmse_increase": 0.014656006532222099
      }
    },
    "support_corruption": {
      "overall": {
        "auc": 0.6658052759683262,
        "acc": 0.6699828425946425,
        "rmse": 0.46001136001263637,
        "bce": 0.6120981843811479,
        "n": 72272
      },
      "direct_seen": {
        "auc": 0.6637864092748569,
        "acc": 0.6760161039742069,
        "rmse": 0.4577120576370443,
        "bce": 0.6074559581391447,
        "n": 59861
      },
      "partial_overlap": {
        "auc": 0.6765645577639836,
        "acc": 0.6678252234359484,
        "rmse": 0.4577746906225932,
        "bce": 0.6071534727021163,
        "n": 4028
      },
      "target_concept_unseen": {
        "auc": 0.6596037701794151,
        "acc": 0.6279374925444352,
        "rmse": 0.4771422783559115,
        "bce": 0.6476231281620961,
        "n": 8383
      },
      "runtime": {
        "queries": 72272,
        "seconds": 3.656868526013568,
        "queries_per_second": 19763.357497236928,
        "seconds_per_10k_queries": 0.5059869003228868,
        "avg_memory_candidates": 118.71128514500775
      },
      "delta_vs_retrieval": {
        "auc_drop": 0.055486364050610915,
        "bce_increase": -0.001219222569960543,
        "rmse_increase": 0.009813118231858264
      }
    },
    "shuffle_student": {
      "overall": {
        "auc": 0.7163814945952041,
        "acc": 0.6954422182864733,
        "rmse": 0.45229192314978234,
        "bce": 0.6180730994417026,
        "n": 72272
      },
      "direct_seen": {
        "auc": 0.714337221413637,
        "acc": 0.6995873774243665,
        "rmse": 0.4503323559483374,
        "bce": 0.6146298306565098,
        "n": 59861
      },
      "partial_overlap": {
        "auc": 0.7181443813144077,
        "acc": 0.6946375372393248,
        "rmse": 0.4535195671652776,
        "bce": 0.6288468689077819,
        "n": 4028
      },
      "target_concept_unseen": {
        "auc": 0.7134573977593661,
        "acc": 0.6662292735297626,
        "rmse": 0.465471629031095,
        "bce": 0.6374839033712121,
        "n": 8383
      },
      "runtime": {
        "queries": 72272,
        "seconds": 3.7840252220630646,
        "queries_per_second": 19099.23844550831,
        "seconds_per_10k_queries": 0.5235810856297134,
        "avg_memory_candidates": 118.71128514500775
      },
      "delta_vs_retrieval": {
        "auc_drop": 0.0049101454237330255,
        "bce_increase": 0.0047556924905941544,
        "rmse_increase": 0.00209368136900423
      }
    }
  }
}