{
  "main": {
    "overall": {
      "auc": 0.7537000952642567,
      "acc": 0.7244799139167862,
      "rmse": 0.4337948684956507,
      "bce": 0.6020475398172734,
      "n": 55760
    },
    "direct_seen": {
      "auc": 0.7528147460977751,
      "acc": 0.7222633546810795,
      "rmse": 0.43514114778292695,
      "bce": 0.605267572488309,
      "n": 54026
    },
    "partial_overlap": {
      "auc": 0.7868986880466471,
      "acc": 0.8095238095238095,
      "rmse": 0.38606876117976585,
      "bce": 0.4656117115817556,
      "n": 252
    },
    "target_concept_unseen": {
      "auc": 0.7871774734767895,
      "acc": 0.7908232118758435,
      "rmse": 0.39011072637987254,
      "bce": 0.5078615368685452,
      "n": 1482
    },
    "short_history": {
      "auc": 0.7562925170068027,
      "acc": 0.7279360667129952,
      "rmse": 0.4404408015775242,
      "bce": 0.6261821649711559,
      "n": 2878
    },
    "runtime": {
      "queries": 55760,
      "seconds": 2.7709142020903528,
      "queries_per_second": 20123.32246084529,
      "seconds_per_10k_queries": 0.4969358325126171,
      "avg_memory_candidates": 102.6741212338594
    }
  }
}