{
  "main": {
    "overall": {
      "auc": 0.7229345625511154,
      "acc": 0.7010550185976411,
      "rmse": 0.44816793188238296,
      "bce": 0.6035421586416759,
      "n": 72321
    },
    "direct_seen": {
      "auc": 0.7229586048065859,
      "acc": 0.7051957580204096,
      "rmse": 0.4461977007483075,
      "bce": 0.6000220205757307,
      "n": 59972
    },
    "partial_overlap": {
      "auc": 0.7250420580057292,
      "acc": 0.7060301507537688,
      "rmse": 0.4459121414598465,
      "bce": 0.6012991426778973,
      "n": 3980
    },
    "target_concept_unseen": {
      "auc": 0.7106524114696858,
      "acc": 0.6690166089138487,
      "rmse": 0.46307763615523945,
      "bce": 0.6298340601384739,
      "n": 8369
    },
    "runtime": {
      "queries": 72321,
      "seconds": 4.045211713993922,
      "queries_per_second": 17878.174274492045,
      "seconds_per_10k_queries": 0.5593412306237361,
      "avg_memory_candidates": 121.71778598194162
    }
  },
  "fidelity": {
    "retrieval": {
      "overall": {
        "auc": 0.7229345625511154,
        "acc": 0.7010550185976411,
        "rmse": 0.44816793188238296,
        "bce": 0.6035421586416759,
        "n": 72321
      },
      "direct_seen": {
        "auc": 0.7229586048065859,
        "acc": 0.7051957580204096,
        "rmse": 0.4461977007483075,
        "bce": 0.6000220205757307,
        "n": 59972
      },
      "partial_overlap": {
        "auc": 0.7250420580057292,
        "acc": 0.7060301507537688,
        "rmse": 0.4459121414598465,
        "bce": 0.6012991426778973,
        "n": 3980
      },
      "target_concept_unseen": {
        "auc": 0.7106524114696858,
        "acc": 0.6690166089138487,
        "rmse": 0.46307763615523945,
        "bce": 0.6298340601384739,
        "n": 8369
      },
      "runtime": {
        "queries": 72321,
        "seconds": 3.609439786989242,
        "queries_per_second": 20036.627362698142,
        "seconds_per_10k_queries": 0.499085989821662,
        "avg_memory_candidates": 121.71778598194162
      }
    },
    "support_deletion": {
      "overall": {
        "auc": 0.689389124912595,
        "acc": 0.6590202016011947,
        "rmse": 0.46286456521634683,
        "bce": 0.617834772991761,
        "n": 72321
      },
      "direct_seen": {
        "auc": 0.689002263466364,
        "acc": 0.660541586073501,
        "rmse": 0.4621649095277414,
        "bce": 0.6163963136635371,
        "n": 59972
      },
      "partial_overlap": {
        "auc": 0.7067428683489869,
        "acc": 0.6909547738693468,
        "rmse": 0.45168039637398394,
        "bce": 0.5950977080523675,
        "n": 3980
      },
      "target_concept_unseen": {
        "auc": 0.676061053906327,
        "acc": 0.6329310550842394,
        "rmse": 0.4730175308462838,
        "bce": 0.6389556717002143,
        "n": 8369
      },
      "runtime": {
        "queries": 72321,
        "seconds": 3.4716119240038097,
        "queries_per_second": 20832.10957421537,
        "seconds_per_10k_queries": 0.48002819706638594,
        "avg_memory_candidates": 121.71778598194162
      },
      "delta_vs_retrieval": {
        "auc_drop": 0.03354543763852047,
        "bce_increase": 0.014292614350085109,
        "rmse_increase": 0.014696633333963871
      }
    },
    "support_corruption": {
      "overall": {
        "auc": 0.6678133727254816,
        "acc": 0.6736217696104866,
        "rmse": 0.4591350227028449,
        "bce": 0.6099145960129867,
        "n": 72321
      },
      "direct_seen": {
        "auc": 0.6671849473990569,
        "acc": 0.6778496631761489,
        "rmse": 0.4572729303117626,
        "bce": 0.6060800560891068,
        "n": 59972
      },
      "partial_overlap": {
        "auc": 0.6712721058418956,
        "acc": 0.6902010050251256,
        "rmse": 0.45420721322214797,
        "bce": 0.6001204162098195,
        "n": 3980
      },
      "target_concept_unseen": {
        "auc": 0.6604234014813029,
        "acc": 0.6354403154498746,
        "rmse": 0.47452467488345623,
        "bce": 0.6420505577684567,
        "n": 8369
      },
      "runtime": {
        "queries": 72321,
        "seconds": 3.535412014927715,
        "queries_per_second": 20456.17305554093,
        "seconds_per_10k_queries": 0.4888499903109353,
        "avg_memory_candidates": 121.71778598194162
      },
      "delta_vs_retrieval": {
        "auc_drop": 0.055121189825633854,
        "bce_increase": 0.0063724373713107685,
        "rmse_increase": 0.010967090820461933
      }
    },
    "shuffle_student": {
      "overall": {
        "auc": 0.7183577941483846,
        "acc": 0.6981374704442693,
        "rmse": 0.4501415725375476,
        "bce": 0.6082481705113754,
        "n": 72321
      },
      "direct_seen": {
        "auc": 0.7179369348916458,
        "acc": 0.7017107983725739,
        "rmse": 0.4483867237705506,
        "bce": 0.6051247006004284,
        "n": 59972
      },
      "partial_overlap": {
        "auc": 0.7219518276497243,
        "acc": 0.7085427135678392,
        "rmse": 0.4467187561643586,
        "bce": 0.6042151665433383,
        "n": 3980
      },
      "target_concept_unseen": {
        "auc": 0.708636728626377,
        "acc": 0.6675827458477716,
        "rmse": 0.46409747380463207,
        "bce": 0.6325488149482377,
        "n": 8369
      },
      "runtime": {
        "queries": 72321,
        "seconds": 3.6533036089967936,
        "queries_per_second": 19796.055225713782,
        "seconds_per_10k_queries": 0.505151146831044,
        "avg_memory_candidates": 121.71778598194162
      },
      "delta_vs_retrieval": {
        "auc_drop": 0.004576768402730802,
        "bce_increase": 0.0047060118696994335,
        "rmse_increase": 0.0019736406551646435
      }
    }
  }
}