{
  "main": {
    "overall": {
      "auc": 0.7772136227415667,
      "acc": 0.6999488621835848,
      "rmse": 0.4382718804321798,
      "bce": 0.5644588273215052,
      "n": 15644
    },
    "direct_seen": {
      "auc": 0.7722324675646179,
      "acc": 0.692230713245997,
      "rmse": 0.4405303806140215,
      "bce": 0.5681090692788873,
      "n": 10992
    },
    "partial_overlap": {
      "auc": 0.7844460649273483,
      "acc": 0.7180500658761528,
      "rmse": 0.4324199321534328,
      "bce": 0.5548313607788162,
      "n": 4554
    },
    "target_concept_unseen": {
      "auc": 0.6706788637457872,
      "acc": 0.7244897959183674,
      "rmse": 0.4541339493554056,
      "bce": 0.6024182460956162,
      "n": 98
    },
    "runtime": {
      "queries": 15644,
      "seconds": 1.196964579867199,
      "queries_per_second": 13069.726759780704,
      "seconds_per_10k_queries": 0.7651269367599074,
      "avg_memory_candidates": 13.5
    }
  },
  "fidelity": {
    "retrieval": {
      "overall": {
        "auc": 0.7772136227415667,
        "acc": 0.6999488621835848,
        "rmse": 0.4382718804321798,
        "bce": 0.5644588273215052,
        "n": 15644
      },
      "direct_seen": {
        "auc": 0.7722324675646179,
        "acc": 0.692230713245997,
        "rmse": 0.4405303806140215,
        "bce": 0.5681090692788873,
        "n": 10992
      },
      "partial_overlap": {
        "auc": 0.7844460649273483,
        "acc": 0.7180500658761528,
        "rmse": 0.4324199321534328,
        "bce": 0.5548313607788162,
        "n": 4554
      },
      "target_concept_unseen": {
        "auc": 0.6706788637457872,
        "acc": 0.7244897959183674,
        "rmse": 0.4541339493554056,
        "bce": 0.6024182460956162,
        "n": 98
      },
      "runtime": {
        "queries": 15644,
        "seconds": 0.8431563670746982,
        "queries_per_second": 18554.09104514779,
        "seconds_per_10k_queries": 0.538964693860073,
        "avg_memory_candidates": 13.5
      }
    },
    "support_deletion": {
      "overall": {
        "auc": 0.7711343051638525,
        "acc": 0.6988621835847609,
        "rmse": 0.441670701470329,
        "bce": 0.5720485133231331,
        "n": 15644
      },
      "direct_seen": {
        "auc": 0.765731207087583,
        "acc": 0.6873180494905385,
        "rmse": 0.44430074028371597,
        "bce": 0.5766642208217384,
        "n": 10992
      },
      "partial_overlap": {
        "auc": 0.7813347377518501,
        "acc": 0.7272727272727273,
        "rmse": 0.4348617605083816,
        "bce": 0.5600302150487331,
        "n": 4554
      },
      "target_concept_unseen": {
        "auc": 0.6639383726528647,
        "acc": 0.673469387755102,
        "rmse": 0.45940793561616455,
        "bce": 0.6128186512511747,
        "n": 98
      },
      "runtime": {
        "queries": 15644,
        "seconds": 0.8074901450891048,
        "queries_per_second": 19373.61105289244,
        "seconds_per_10k_queries": 0.5161660349585175,
        "avg_memory_candidates": 13.5
      },
      "delta_vs_retrieval": {
        "auc_drop": 0.006079317577714183,
        "bce_increase": 0.007589686001627904,
        "rmse_increase": 0.0033988210381492023
      }
    },
    "support_corruption": {
      "overall": {
        "auc": 0.7766436920839066,
        "acc": 0.6995014062899514,
        "rmse": 0.4388739096004073,
        "bce": 0.5655963946536314,
        "n": 15644
      },
      "direct_seen": {
        "auc": 0.7716025853060215,
        "acc": 0.6907751091703057,
        "rmse": 0.44122325851305977,
        "bce": 0.5693756181345532,
        "n": 10992
      },
      "partial_overlap": {
        "auc": 0.783127204049664,
        "acc": 0.7204655248133509,
        "rmse": 0.4328065720300251,
        "bce": 0.5556826885606868,
        "n": 4554
      },
      "target_concept_unseen": {
        "auc": 0.6783822821376986,
        "acc": 0.7040816326530612,
        "rmse": 0.45438040099154453,
        "bce": 0.6023902012350383,
        "n": 98
      },
      "runtime": {
        "queries": 15644,
        "seconds": 0.822111879941076,
        "queries_per_second": 19029.04018504302,
        "seconds_per_10k_queries": 0.5255125798651726,
        "avg_memory_candidates": 13.5
      },
      "delta_vs_retrieval": {
        "auc_drop": 0.0005699306576600893,
        "bce_increase": 0.0011375673321262214,
        "rmse_increase": 0.0006020291682274914
      }
    },
    "shuffle_student": {
      "overall": {
        "auc": 0.7696737551473705,
        "acc": 0.6939401687547941,
        "rmse": 0.4415390692539654,
        "bce": 0.5715311008624926,
        "n": 15644
      },
      "direct_seen": {
        "auc": 0.7647811392376663,
        "acc": 0.6861353711790393,
        "rmse": 0.443651968241891,
        "bce": 0.5749081985946981,
        "n": 10992
      },
      "partial_overlap": {
        "auc": 0.7761990608915743,
        "acc": 0.7140974967061924,
        "rmse": 0.4358449865093758,
        "bce": 0.5622144629633488,
        "n": 4554
      },
      "target_concept_unseen": {
        "auc": 0.5912373615792007,
        "acc": 0.6326530612244898,
        "rmse": 0.4661879777948069,
        "bce": 0.6256832510696043,
        "n": 98
      },
      "runtime": {
        "queries": 15644,
        "seconds": 0.8363282920327038,
        "queries_per_second": 18705.573097350458,
        "seconds_per_10k_queries": 0.5346000332604857,
        "avg_memory_candidates": 13.5
      },
      "delta_vs_retrieval": {
        "auc_drop": 0.007539867594196226,
        "bce_increase": 0.007072273540987384,
        "rmse_increase": 0.003267188821785616
      }
    }
  }
}