{
  "main": {
    "overall": {
      "auc": 0.8318724033065472,
      "acc": 0.7742540110961164,
      "rmse": 0.3947063284193871,
      "bce": 0.4758724200763831,
      "n": 80028
    },
    "target_concept_unseen": {
      "auc": 0.8318724033065472,
      "acc": 0.7742540110961164,
      "rmse": 0.3947063284193871,
      "bce": 0.4758724200763831,
      "n": 80028
    },
    "runtime": {
      "queries": 80028,
      "seconds": 4.215127552859485,
      "queries_per_second": 18985.902323575025,
      "seconds_per_10k_queries": 0.5267065967985561,
      "avg_memory_candidates": 43.05871694906783
    }
  }
}