{
  "main": {
    "overall": {
      "auc": 0.8316880790824352,
      "acc": 0.7732043784675363,
      "rmse": 0.39496839496467717,
      "bce": 0.47624878393163467,
      "n": 80028
    },
    "target_concept_unseen": {
      "auc": 0.8316880790824352,
      "acc": 0.7732043784675363,
      "rmse": 0.39496839496467717,
      "bce": 0.47624878393163467,
      "n": 80028
    },
    "runtime": {
      "queries": 80028,
      "seconds": 4.124113352037966,
      "queries_per_second": 19404.89825781667,
      "seconds_per_10k_queries": 0.5153338021739848,
      "avg_memory_candidates": 43.05871694906783
    }
  }
}