{
  "dataset": "junyi",
  "model": "kancd",
  "seed": 42,
  "best_valid_auc": 0.7925349965549738,
  "best_epoch": 5,
  "test": {
    "auc": 0.8000635777361164,
    "acc": 0.7472384665367121,
    "rmse": 0.4147366753293171,
    "bce": 0.5168184706690188,
    "n": 80028
  },
  "doa": {
    "aggregate": 0.5901242826423708,
    "exposure_stratified": {
      "per_decile": {
        "0": NaN,
        "1": 0.4939560439560439,
        "2": 0.5882073045267489,
        "3": 0.5980584787258995,
        "4": 0.5694640908115444,
        "5": 0.5879235412329872,
        "6": 0.5753552531276865,
        "7": 0.5926694732121619,
        "8": 0.61163757798352,
        "9": 0.6063081910848493
      },
      "decile_counts": {
        "0": 0,
        "1": 7,
        "2": 36,
        "3": 65,
        "4": 67,
        "5": 71,
        "6": 70,
        "7": 70,
        "8": 70,
        "9": 69
      },
      "per_decile_pairs": {
        "0": 32,
        "1": 206,
        "2": 1069,
        "3": 3655,
        "4": 8468,
        "5": 22708,
        "6": 57263,
        "7": 93556,
        "8": 84610,
        "9": 73629
      },
      "n_measurable_deciles": 9,
      "head_decile_doa": 0.6063081910848493,
      "tail_decile_doa": NaN,
      "head_minus_tail_gap": NaN,
      "bottom_group_doa": 0.5728640760617505,
      "top_group_doa": 0.6035251615720207,
      "group_gap": 0.030661085510270247,
      "group_gap_ci95": [
        -0.024569935309882253,
        0.08609004868883442
      ],
      "group_gap_p_le_0": 0.146,
      "bottom_group_ci95": [
        0.5197250144343166,
        0.6256303182175275
      ],
      "top_group_ci95": [
        0.5906473308043162,
        0.615774464963114
      ]
    }
  },
  "calibration": {
    "temperature": 1.3599999999999999,
    "ece_uncalibrated": 0.03559289517769001,
    "ece_calibrated": 0.024233978097958332,
    "ece_certified": NaN,
    "ece_abstained": 0.024233978097958332
  },
  "certificate": {
    "n_min": 2,
    "concept_identifiable_fraction": 0.0,
    "certified_cell_fraction": 0.0,
    "certified_prediction_fraction": 0.0
  },
  "selective": {
    "per_method": {
      "certificate": {
        "aurc": 0.2531089109816145,
        "selective_auc": {
          "0.50": 0.8007262902418284,
          "0.70": 0.8007556035109986,
          "0.90": 0.8001983916798227,
          "1.00": 0.8000635777361164
        }
      },
      "count": {
        "aurc": 0.2531089109816145,
        "selective_auc": {
          "0.50": 0.8007262902418284,
          "0.70": 0.8007556035109986,
          "0.90": 0.8001983916798227,
          "1.00": 0.8000635777361164
        }
      },
      "prob_margin": {
        "aurc": 0.13827646276413474,
        "selective_auc": {
          "0.50": 0.7783887507751519,
          "0.70": 0.8183230430952513,
          "0.90": 0.8102187957770811,
          "1.00": 0.8000635777361164
        }
      },
      "mc_dropout": {
        "aurc": 0.16651804942422624,
        "selective_auc": {
          "0.50": 0.8672683998180191,
          "0.70": 0.8395798969013932,
          "0.90": 0.8130391343859303,
          "1.00": 0.8000635777361164
        }
      },
      "ability": {
        "aurc": 0.2389675962876794,
        "selective_auc": {
          "0.50": 0.7932049611847788,
          "0.70": 0.7974373886867998,
          "0.90": 0.7995925927695331,
          "1.00": 0.8000635777361164
        }
      },
      "random": {
        "aurc": 0.25382417926576184,
        "selective_auc": {
          "0.50": 0.800204469488984,
          "0.70": 0.8000959194865672,
          "0.90": 0.7997870939043318,
          "1.00": 0.8000635777361164
        }
      }
    },
    "certificate_excess_aurc_vs": {
      "count": 0.0,
      "prob_margin": -0.11483244821747973,
      "mc_dropout": -0.08659086155738824,
      "ability": -0.014141314693935064,
      "random": 0.0007152682841473634
    }
  },
  "kill_switch_pass": false,
  "config": {
    "dataset": "junyi",
    "data_root": "data_retricd",
    "output_dir": "outputs/certcd_run",
    "model": "kancd",
    "epochs": 30,
    "lr": 0.001,
    "batch_size": 256,
    "dropout": 0.2,
    "latent_dim": 32,
    "grad_clip": 5.0,
    "patience": 8,
    "n_min": 2,
    "mc_passes": 20,
    "doa_max_responders": 80,
    "num_workers": 2,
    "seed": 42,
    "device": "cuda:3"
  }
}