{
  "dataset": "assist_09",
  "model": "kancd",
  "seed": 42,
  "best_valid_auc": 0.7567809178286171,
  "best_epoch": 12,
  "test": {
    "auc": 0.7578113513811444,
    "acc": 0.7215566714490674,
    "rmse": 0.42904434519915785,
    "bce": 0.5478313691532787,
    "n": 55760
  },
  "doa": {
    "aggregate": 0.6476567331196216,
    "exposure_stratified": {
      "per_decile": {
        "0": NaN,
        "1": 0.5551271645021645,
        "2": 0.6478277708881157,
        "3": 0.5407759322804512,
        "4": 0.6225920252528164,
        "5": 0.6815854256640007,
        "6": 0.6811738377375877,
        "7": 0.6645581407446023,
        "8": 0.673081975088956,
        "9": 0.7066726007808595
      },
      "decile_counts": {
        "0": 0,
        "1": 4,
        "2": 8,
        "3": 13,
        "4": 12,
        "5": 12,
        "6": 13,
        "7": 12,
        "8": 12,
        "9": 12
      },
      "per_decile_pairs": {
        "0": 29,
        "1": 206,
        "2": 441,
        "3": 1499,
        "4": 2250,
        "5": 2288,
        "6": 4859,
        "7": 15537,
        "8": 22109,
        "9": 48408
      },
      "n_measurable_deciles": 9,
      "head_decile_doa": 0.7066726007808595,
      "tail_decile_doa": NaN,
      "head_minus_tail_gap": NaN,
      "bottom_group_doa": 0.6169275687594653,
      "top_group_doa": 0.6814375722048059,
      "group_gap": 0.06451000344534064,
      "group_gap_ci95": [
        -0.004362104267336246,
        0.1387015415702337
      ],
      "group_gap_p_le_0": 0.035,
      "bottom_group_ci95": [
        0.5445679491126689,
        0.6814587669275168
      ],
      "top_group_ci95": [
        0.6635499645963874,
        0.6983751502018923
      ]
    }
  },
  "calibration": {
    "temperature": 1.62,
    "ece_uncalibrated": 0.07677039008619668,
    "ece_calibrated": 0.02244386994860756,
    "ece_certified": 0.021245781892459386,
    "ece_abstained": 0.04739218159999296
  },
  "certificate": {
    "n_min": 2,
    "concept_identifiable_fraction": 0.8373983502388,
    "certified_cell_fraction": 0.07936694473028183,
    "certified_prediction_fraction": 0.8270265423242468
  },
  "selective": {
    "per_method": {
      "certificate": {
        "aurc": 0.288612403218884,
        "selective_auc": {
          "0.50": 0.761292358839861,
          "0.70": 0.7618468410876612,
          "0.90": 0.7571836008657806,
          "1.00": 0.7578113513811444
        }
      },
      "count": {
        "aurc": 0.2886637409347137,
        "selective_auc": {
          "0.50": 0.7585097106253705,
          "0.70": 0.759568625997098,
          "0.90": 0.7570480304254089,
          "1.00": 0.7578113513811444
        }
      },
      "prob_margin": {
        "aurc": 0.16969097759348023,
        "selective_auc": {
          "0.50": 0.7114617985494568,
          "0.70": 0.7758434100410231,
          "0.90": 0.768057456827068,
          "1.00": 0.7578113513811444
        }
      },
      "mc_dropout": {
        "aurc": 0.21335381949708715,
        "selective_auc": {
          "0.50": 0.8212706355532279,
          "0.70": 0.7958736747472407,
          "0.90": 0.7702541105305168,
          "1.00": 0.7578113513811444
        }
      },
      "ability": {
        "aurc": 0.22539050260509771,
        "selective_auc": {
          "0.50": 0.7602109545982796,
          "0.70": 0.7569299271813263,
          "0.90": 0.7577514876970557,
          "1.00": 0.7578113513811444
        }
      },
      "random": {
        "aurc": 0.2774318471503556,
        "selective_auc": {
          "0.50": 0.7566651026343558,
          "0.70": 0.7586941917738133,
          "0.90": 0.7577315208227495,
          "1.00": 0.7578113513811444
        }
      }
    },
    "certificate_excess_aurc_vs": {
      "count": 5.133771582971347e-05,
      "prob_margin": -0.11892142562540375,
      "mc_dropout": -0.07525858372179683,
      "ability": -0.06322190061378627,
      "random": -0.011180556068528358
    }
  },
  "kill_switch_pass": false,
  "config": {
    "dataset": "assist_09",
    "data_root": "data_retricd",
    "output_dir": "outputs/certcd_run",
    "model": "kancd",
    "epochs": 30,
    "lr": 0.001,
    "batch_size": 256,
    "dropout": 0.2,
    "latent_dim": 32,
    "grad_clip": 5.0,
    "patience": 8,
    "n_min": 2,
    "mc_passes": 20,
    "doa_max_responders": 80,
    "num_workers": 2,
    "seed": 42,
    "device": "cuda:2"
  }
}