{
  "dataset": "assist_17",
  "model": "kancd",
  "seed": 42,
  "best_valid_auc": 0.7917501845348949,
  "best_epoch": 10,
  "test": {
    "auc": 0.7887213643324816,
    "acc": 0.7179728711379051,
    "rmse": 0.4321225090186826,
    "bce": 0.5541981715785049,
    "n": 79620
  },
  "doa": {
    "aggregate": 0.6981978221143009,
    "exposure_stratified": {
      "per_decile": {
        "0": 0.7,
        "1": 0.7098377523761241,
        "2": 0.6576858101477205,
        "3": 0.7076641325403432,
        "4": 0.6913060119840465,
        "5": 0.6994908024664109,
        "6": 0.7068869944100125,
        "7": 0.6946423457217232,
        "8": 0.7058532669085331,
        "9": 0.7102330646852246
      },
      "decile_counts": {
        "0": 1,
        "1": 10,
        "2": 10,
        "3": 10,
        "4": 10,
        "5": 10,
        "6": 10,
        "7": 10,
        "8": 10,
        "9": 10
      },
      "per_decile_pairs": {
        "0": 80,
        "1": 2349,
        "2": 7447,
        "3": 13715,
        "4": 28040,
        "5": 49605,
        "6": 54168,
        "7": 85116,
        "8": 123625,
        "9": 278633
      },
      "n_measurable_deciles": 10,
      "head_decile_doa": 0.7102330646852246,
      "tail_decile_doa": 0.7,
      "head_minus_tail_gap": 0.010233064685224669,
      "bottom_group_doa": 0.6845350297732593,
      "top_group_doa": 0.7035762257718271,
      "group_gap": 0.019041195998567795,
      "group_gap_ci95": [
        -0.04041567360541128,
        0.07851917560161548
      ],
      "group_gap_p_le_0": 0.278,
      "bottom_group_ci95": [
        0.6277233536261895,
        0.7412276512076261
      ],
      "top_group_ci95": [
        0.6923546234443728,
        0.714730118575125
      ]
    }
  },
  "calibration": {
    "temperature": 1.1900000000000002,
    "ece_uncalibrated": 0.04933718762949345,
    "ece_calibrated": 0.03592716888388038,
    "ece_certified": 0.03250428796175102,
    "ece_abstained": 0.0748391077190548
  },
  "certificate": {
    "n_min": 2,
    "concept_identifiable_fraction": 0.8700000047683716,
    "certified_cell_fraction": 0.25769683718681335,
    "certified_prediction_fraction": 0.8405551369002763
  },
  "selective": {
    "per_method": {
      "certificate": {
        "aurc": 0.27620815504736235,
        "selective_auc": {
          "0.50": 0.7988880820003263,
          "0.70": 0.7977737953518749,
          "0.90": 0.7939435272414392,
          "1.00": 0.7887213643324816
        }
      },
      "count": {
        "aurc": 0.27686136458500205,
        "selective_auc": {
          "0.50": 0.7973389369688402,
          "0.70": 0.7966766438209254,
          "0.90": 0.7929779975670012,
          "1.00": 0.7887213643324816
        }
      },
      "prob_margin": {
        "aurc": 0.1700706467386576,
        "selective_auc": {
          "0.50": 0.849386896876027,
          "0.70": 0.8231791112081548,
          "0.90": 0.8000850948317756,
          "1.00": 0.7887213643324816
        }
      },
      "mc_dropout": {
        "aurc": 0.19037382687601792,
        "selective_auc": {
          "0.50": 0.7531484658803499,
          "0.70": 0.794538302073926,
          "0.90": 0.7946947448718272,
          "1.00": 0.7887213643324816
        }
      },
      "ability": {
        "aurc": 0.23981127894622423,
        "selective_auc": {
          "0.50": 0.8056490626093828,
          "0.70": 0.7986257446289198,
          "0.90": 0.7912113609095437,
          "1.00": 0.7887213643324816
        }
      },
      "random": {
        "aurc": 0.2821015214499992,
        "selective_auc": {
          "0.50": 0.7902865790133131,
          "0.70": 0.790217360195364,
          "0.90": 0.7895921303271412,
          "1.00": 0.7887213643324816
        }
      }
    },
    "certificate_excess_aurc_vs": {
      "count": 0.0006532095376396985,
      "prob_margin": -0.10613750830870475,
      "mc_dropout": -0.08583432817134443,
      "ability": -0.03639687610113812,
      "random": 0.005893366402636879
    }
  },
  "kill_switch_pass": false,
  "config": {
    "dataset": "assist_17",
    "data_root": "data_retricd",
    "output_dir": "outputs/certcd_run",
    "model": "kancd",
    "epochs": 30,
    "lr": 0.001,
    "batch_size": 256,
    "dropout": 0.2,
    "latent_dim": 32,
    "grad_clip": 5.0,
    "patience": 8,
    "n_min": 2,
    "mc_passes": 20,
    "doa_max_responders": 80,
    "num_workers": 2,
    "seed": 42,
    "device": "cuda:0"
  }
}