{
  "dataset": "nips34_retricd_small",
  "model": "kancd",
  "seed": 42,
  "best_valid_auc": 0.7881467918302476,
  "best_epoch": 9,
  "test": {
    "auc": 0.7884277335923413,
    "acc": 0.720801245516973,
    "rmse": 0.42979146822104436,
    "bce": 0.5438768126486672,
    "n": 71938
  },
  "doa": {
    "aggregate": 0.7068256754478803,
    "exposure_stratified": {
      "per_decile": {
        "0": 0.5728917264072759,
        "1": 0.7005489355058259,
        "2": 0.6977991415578764,
        "3": 0.7060865490259098,
        "4": 0.7508772155017341,
        "5": 0.7324851001378304,
        "6": 0.7141130822982772,
        "7": 0.739655124736809,
        "8": 0.7387998134996892,
        "9": 0.6910201842739846
      },
      "decile_counts": {
        "0": 7,
        "1": 9,
        "2": 8,
        "3": 9,
        "4": 8,
        "5": 9,
        "6": 9,
        "7": 8,
        "8": 9,
        "9": 8
      },
      "per_decile_pairs": {
        "0": 492,
        "1": 6372,
        "2": 20502,
        "3": 78327,
        "4": 95969,
        "5": 134008,
        "6": 186839,
        "7": 224737,
        "8": 465015,
        "9": 2188305
      },
      "n_measurable_deciles": 10,
      "head_decile_doa": 0.6910201842739846,
      "tail_decile_doa": 0.5728917264072759,
      "head_minus_tail_gap": 0.11812845786670867,
      "bottom_group_doa": 0.6623989848694322,
      "top_group_doa": 0.723784031743342,
      "group_gap": 0.06138504687390989,
      "group_gap_ci95": [
        -0.002435006617985205,
        0.12455166352639772
      ],
      "group_gap_p_le_0": 0.032,
      "bottom_group_ci95": [
        0.6004371802093604,
        0.7244650761319622
      ],
      "top_group_ci95": [
        0.7095476444341807,
        0.736207387806307
      ]
    }
  },
  "calibration": {
    "temperature": 1.11,
    "ece_uncalibrated": 0.017618392253699912,
    "ece_calibrated": 0.011222250615170161,
    "ece_certified": NaN,
    "ece_abstained": 0.011222250615170161
  },
  "certificate": {
    "n_min": 2,
    "concept_identifiable_fraction": 0.0,
    "certified_cell_fraction": 0.0,
    "certified_prediction_fraction": 0.0
  },
  "selective": {
    "per_method": {
      "certificate": {
        "aurc": 0.28205754394620397,
        "selective_auc": {
          "0.50": 0.7823692891959348,
          "0.70": 0.7875244865886338,
          "0.90": 0.7894806550870586,
          "1.00": 0.7884277335923413
        }
      },
      "count": {
        "aurc": 0.2712099393747474,
        "selective_auc": {
          "0.50": 0.7972130410894087,
          "0.70": 0.7927390638343911,
          "0.90": 0.7899017405452684,
          "1.00": 0.7884277335923413
        }
      },
      "prob_margin": {
        "aurc": 0.16049690532200828,
        "selective_auc": {
          "0.50": 0.858482909694621,
          "0.70": 0.8287815835522909,
          "0.90": 0.8016831134422853,
          "1.00": 0.7884277335923413
        }
      },
      "mc_dropout": {
        "aurc": 0.23955983445685053,
        "selective_auc": {
          "0.50": 0.7741874645506828,
          "0.70": 0.7884103829147218,
          "0.90": 0.7911496862761059,
          "1.00": 0.7884277335923413
        }
      },
      "ability": {
        "aurc": 0.21204591706511625,
        "selective_auc": {
          "0.50": 0.827723242498309,
          "0.70": 0.8086013202488938,
          "0.90": 0.7937821923963435,
          "1.00": 0.7884277335923413
        }
      },
      "random": {
        "aurc": 0.27740031995216513,
        "selective_auc": {
          "0.50": 0.7906957613192386,
          "0.70": 0.7900349514112959,
          "0.90": 0.7887686085150836,
          "1.00": 0.7884277335923413
        }
      }
    },
    "certificate_excess_aurc_vs": {
      "count": -0.01084760457145656,
      "prob_margin": -0.1215606386241957,
      "mc_dropout": -0.04249770948935344,
      "ability": -0.07001162688108772,
      "random": -0.004657223994038839
    }
  },
  "kill_switch_pass": false,
  "config": {
    "dataset": "nips34_retricd_small",
    "data_root": "data_retricd",
    "output_dir": "outputs/certcd_run",
    "model": "kancd",
    "epochs": 30,
    "lr": 0.001,
    "batch_size": 256,
    "dropout": 0.2,
    "latent_dim": 32,
    "grad_clip": 5.0,
    "patience": 8,
    "n_min": 2,
    "mc_passes": 20,
    "doa_max_responders": 80,
    "num_workers": 2,
    "seed": 42,
    "device": "cuda:2"
  }
}