{
  "main": {
    "overall": {
      "auc": 0.7508336840556133,
      "acc": 0.721538737446198,
      "rmse": 0.43338117457662717,
      "bce": 0.580255266684297,
      "n": 55760
    },
    "direct_seen": {
      "auc": 0.7497365061654474,
      "acc": 0.7190611927590419,
      "rmse": 0.43491231769074107,
      "bce": 0.5839400005243275,
      "n": 54026
    },
    "partial_overlap": {
      "auc": 0.787536443148688,
      "acc": 0.8095238095238095,
      "rmse": 0.380894938055681,
      "bce": 0.4518385671490926,
      "n": 252
    },
    "target_concept_unseen": {
      "auc": 0.790718661202576,
      "acc": 0.7968960863697706,
      "rmse": 0.3829102099534619,
      "bce": 0.467765103284422,
      "n": 1482
    },
    "short_history": {
      "auc": 0.7632343846629561,
      "acc": 0.7307157748436414,
      "rmse": 0.4331795372143725,
      "bce": 0.567608471448513,
      "n": 2878
    },
    "runtime": {
      "queries": 55760,
      "seconds": 2.761233648052439,
      "queries_per_second": 20193.872416167607,
      "seconds_per_10k_queries": 0.49519972167367987,
      "avg_memory_candidates": 102.6741212338594
    }
  }
}