{
  "main": {
    "overall": {
      "auc": 0.8121044804365531,
      "acc": 0.7383195177091183,
      "rmse": 0.4194265238440279,
      "bce": 0.5317632664268863,
      "n": 79620
    },
    "direct_seen": {
      "auc": 0.8129939753997453,
      "acc": 0.7400093091295964,
      "rmse": 0.4183315413874866,
      "bce": 0.5295882504371175,
      "n": 75195
    },
    "target_concept_unseen": {
      "auc": 0.7839905848163421,
      "acc": 0.7096045197740113,
      "rmse": 0.4376154645051469,
      "bce": 0.5687237923818352,
      "n": 4425
    },
    "short_history": {
      "auc": 0.7535117816538548,
      "acc": 0.7027027027027027,
      "rmse": 0.44705428415132975,
      "bce": 0.5907873565825085,
      "n": 592
    },
    "runtime": {
      "queries": 79620,
      "seconds": 8.174389756051823,
      "queries_per_second": 9740.176621876168,
      "seconds_per_10k_queries": 1.026675427788473,
      "avg_memory_candidates": 122.57054760110525
    }
  },
  "fidelity": {
    "retrieval": {
      "overall": {
        "auc": 0.8121044804365531,
        "acc": 0.7383195177091183,
        "rmse": 0.4194265238440279,
        "bce": 0.5317632664268863,
        "n": 79620
      },
      "direct_seen": {
        "auc": 0.8129939753997453,
        "acc": 0.7400093091295964,
        "rmse": 0.4183315413874866,
        "bce": 0.5295882504371175,
        "n": 75195
      },
      "target_concept_unseen": {
        "auc": 0.7839905848163421,
        "acc": 0.7096045197740113,
        "rmse": 0.4376154645051469,
        "bce": 0.5687237923818352,
        "n": 4425
      },
      "short_history": {
        "auc": 0.7535117816538548,
        "acc": 0.7027027027027027,
        "rmse": 0.44705428415132975,
        "bce": 0.5907873565825085,
        "n": 592
      },
      "runtime": {
        "queries": 79620,
        "seconds": 3.957350195851177,
        "queries_per_second": 20119.523433501625,
        "seconds_per_10k_queries": 0.49702966539200916,
        "avg_memory_candidates": 122.57054760110525
      }
    },
    "support_deletion": {
      "overall": {
        "auc": 0.7662598219672403,
        "acc": 0.698668676212007,
        "rmse": 0.4527979690084132,
        "bce": 0.6216171215636411,
        "n": 79620
      },
      "direct_seen": {
        "auc": 0.7679854155646895,
        "acc": 0.701934969080391,
        "rmse": 0.4501572797684707,
        "bce": 0.6143276783704524,
        "n": 75195
      },
      "target_concept_unseen": {
        "auc": 0.7466823049481852,
        "acc": 0.6431638418079096,
        "rmse": 0.4955247183724895,
        "bce": 0.7454882358939987,
        "n": 4425
      },
      "short_history": {
        "auc": 0.6924336796298731,
        "acc": 0.6537162162162162,
        "rmse": 0.48496216901729583,
        "bce": 0.7102724533887207,
        "n": 592
      },
      "runtime": {
        "queries": 79620,
        "seconds": 3.973535206867382,
        "queries_per_second": 20037.572553124566,
        "seconds_per_10k_queries": 0.4990624474839716,
        "avg_memory_candidates": 122.57054760110525
      },
      "delta_vs_retrieval": {
        "auc_drop": 0.04584465846931285,
        "bce_increase": 0.08985385513675481,
        "rmse_increase": 0.03337144516438528
      }
    },
    "support_corruption": {
      "overall": {
        "auc": 0.7853642172930957,
        "acc": 0.707611152976639,
        "rmse": 0.43889236276126314,
        "bce": 0.5700771035675503,
        "n": 79620
      },
      "direct_seen": {
        "auc": 0.7870153501167423,
        "acc": 0.7079194095352085,
        "rmse": 0.4388397344025074,
        "bce": 0.569986786041197,
        "n": 75195
      },
      "target_concept_unseen": {
        "auc": 0.7747824656828171,
        "acc": 0.7023728813559322,
        "rmse": 0.4397853527974171,
        "bce": 0.5716118891933442,
        "n": 4425
      },
      "short_history": {
        "auc": 0.7174315875046324,
        "acc": 0.6773648648648649,
        "rmse": 0.4606362182565816,
        "bce": 0.6153796343950414,
        "n": 592
      },
      "runtime": {
        "queries": 79620,
        "seconds": 4.039845551829785,
        "queries_per_second": 19708.674249672084,
        "seconds_per_10k_queries": 0.5073908002800533,
        "avg_memory_candidates": 122.57054760110525
      },
      "delta_vs_retrieval": {
        "auc_drop": 0.026740263143457454,
        "bce_increase": 0.03831383714066394,
        "rmse_increase": 0.019465838917235245
      }
    },
    "shuffle_student": {
      "overall": {
        "auc": 0.8086633502648918,
        "acc": 0.7354935945742276,
        "rmse": 0.42153305748334174,
        "bce": 0.5371094956780186,
        "n": 79620
      },
      "direct_seen": {
        "auc": 0.8097259520967659,
        "acc": 0.7372032714941154,
        "rmse": 0.42036898563130953,
        "bce": 0.5347385293291301,
        "n": 75195
      },
      "target_concept_unseen": {
        "auc": 0.7785838058162877,
        "acc": 0.7064406779661017,
        "rmse": 0.440844693437144,
        "bce": 0.5773998492609941,
        "n": 4425
      },
      "short_history": {
        "auc": 0.7294702738890815,
        "acc": 0.6841216216216216,
        "rmse": 0.4595786285620706,
        "bce": 0.622362439465318,
        "n": 592
      },
      "runtime": {
        "queries": 79620,
        "seconds": 4.136108116013929,
        "queries_per_second": 19249.980359974677,
        "seconds_per_10k_queries": 0.5194810494868035,
        "avg_memory_candidates": 122.57054760110525
      },
      "delta_vs_retrieval": {
        "auc_drop": 0.0034411301716613663,
        "bce_increase": 0.005346229251132262,
        "rmse_increase": 0.0021065336393138456
      }
    }
  }
}