{
  "dataset": "assist_17",
  "model": "ncdm",
  "seed": 42,
  "best_valid_auc": 0.7728340539209316,
  "best_epoch": 12,
  "test": {
    "auc": 0.7723327324160663,
    "acc": 0.7056518462697815,
    "rmse": 0.4395067492115139,
    "bce": 0.5691495851021331,
    "n": 79620
  },
  "doa": {
    "aggregate": 0.6003741455744613,
    "exposure_stratified": {
      "per_decile": {
        "0": 0.4375,
        "1": 0.49800270114368395,
        "2": 0.5389489630196572,
        "3": 0.5736110730807719,
        "4": 0.5754911377801791,
        "5": 0.6127674445961224,
        "6": 0.6247885624238441,
        "7": 0.6474001469795452,
        "8": 0.6652706712598075,
        "9": 0.6833740244439864
      },
      "decile_counts": {
        "0": 1,
        "1": 10,
        "2": 10,
        "3": 10,
        "4": 10,
        "5": 10,
        "6": 10,
        "7": 10,
        "8": 10,
        "9": 10
      },
      "per_decile_pairs": {
        "0": 80,
        "1": 2349,
        "2": 7447,
        "3": 13715,
        "4": 28040,
        "5": 49605,
        "6": 54168,
        "7": 85116,
        "8": 123625,
        "9": 278633
      },
      "n_measurable_deciles": 10,
      "head_decile_doa": 0.6833740244439864,
      "tail_decile_doa": 0.4375,
      "head_minus_tail_gap": 0.24587402444398643,
      "bottom_group_doa": 0.5146198400777816,
      "top_group_doa": 0.6653482808944463,
      "group_gap": 0.1507284408166647,
      "group_gap_ci95": [
        0.11552657923118492,
        0.18658228035914962
      ],
      "group_gap_p_le_0": 0.0,
      "bottom_group_ci95": [
        0.48086167557208015,
        0.5470465617246884
      ],
      "top_group_ci95": [
        0.6530842005516337,
        0.677287713710007
      ]
    }
  },
  "calibration": {
    "temperature": 1.3599999999999999,
    "ece_uncalibrated": 0.05497604672888495,
    "ece_calibrated": 0.02970572308155119,
    "ece_certified": 0.039466778723988405,
    "ece_abstained": 0.03357500363754451
  },
  "certificate": {
    "n_min": 2,
    "concept_identifiable_fraction": 0.8700000047683716,
    "certified_cell_fraction": 0.25769683718681335,
    "certified_prediction_fraction": 0.8405551369002763
  },
  "selective": {
    "per_method": {
      "certificate": {
        "aurc": 0.28019322812137054,
        "selective_auc": {
          "0.50": 0.7938150056624049,
          "0.70": 0.7885582619929026,
          "0.90": 0.7797850192777652,
          "1.00": 0.7723327324160663
        }
      },
      "count": {
        "aurc": 0.28116760052303585,
        "selective_auc": {
          "0.50": 0.7927707745149282,
          "0.70": 0.7877688731157925,
          "0.90": 0.779317085446859,
          "1.00": 0.7723327324160663
        }
      },
      "prob_margin": {
        "aurc": 0.18776647929063664,
        "selective_auc": {
          "0.50": 0.8474797650806976,
          "0.70": 0.8152176609185323,
          "0.90": 0.7862651772529756,
          "1.00": 0.7723327324160663
        }
      },
      "mc_dropout": {
        "aurc": 0.1906220416566109,
        "selective_auc": {
          "0.50": 0.8082015869295305,
          "0.70": 0.7999022076486975,
          "0.90": 0.78241336544787,
          "1.00": 0.7723327324160663
        }
      },
      "ability": {
        "aurc": 0.26203523711416077,
        "selective_auc": {
          "0.50": 0.7845890296148521,
          "0.70": 0.7789384736837452,
          "0.90": 0.7736483614509795,
          "1.00": 0.7723327324160663
        }
      },
      "random": {
        "aurc": 0.29259107604533346,
        "selective_auc": {
          "0.50": 0.7754149458926647,
          "0.70": 0.7748726618907361,
          "0.90": 0.7736582518530966,
          "1.00": 0.7723327324160663
        }
      }
    },
    "certificate_excess_aurc_vs": {
      "count": 0.0009743724016653132,
      "prob_margin": -0.0924267488307339,
      "mc_dropout": -0.08957118646475964,
      "ability": -0.018157991007209773,
      "random": 0.012397847923962924
    }
  },
  "kill_switch_pass": false,
  "config": {
    "dataset": "assist_17",
    "data_root": "data_retricd",
    "output_dir": "outputs/certcd_run",
    "model": "ncdm",
    "epochs": 30,
    "lr": 0.001,
    "batch_size": 256,
    "dropout": 0.2,
    "latent_dim": 32,
    "grad_clip": 5.0,
    "patience": 8,
    "n_min": 2,
    "mc_passes": 20,
    "doa_max_responders": 80,
    "num_workers": 2,
    "seed": 42,
    "device": "cuda:3"
  }
}