{
  "main": {
    "overall": {
      "auc": 0.64251884593778,
      "acc": 0.6494845360824743,
      "rmse": 0.49142505991828095,
      "bce": 0.753289592375648,
      "n": 8342
    },
    "direct_seen": {
      "auc": 0.6389878186066663,
      "acc": 0.6518668012108981,
      "rmse": 0.49091041730631707,
      "bce": 0.755807289077985,
      "n": 6937
    },
    "partial_overlap": {
      "auc": 0.6515818656229615,
      "acc": 0.6555023923444976,
      "rmse": 0.4772399090139206,
      "bce": 0.6993606669833979,
      "n": 418
    },
    "target_concept_unseen": {
      "auc": 0.6455352056034049,
      "acc": 0.630192502532928,
      "rmse": 0.5008702155965958,
      "bce": 0.7584334918587754,
      "n": 987
    },
    "runtime": {
      "queries": 8342,
      "seconds": 0.8542163821402937,
      "queries_per_second": 9765.67550612713,
      "seconds_per_10k_queries": 1.0239947040761133,
      "avg_memory_candidates": 121.21337808678975
    }
  },
  "fidelity": {
    "retrieval": {
      "overall": {
        "auc": 0.64251884593778,
        "acc": 0.6494845360824743,
        "rmse": 0.49142505991828095,
        "bce": 0.753289592375648,
        "n": 8342
      },
      "direct_seen": {
        "auc": 0.6389878186066663,
        "acc": 0.6518668012108981,
        "rmse": 0.49091041730631707,
        "bce": 0.755807289077985,
        "n": 6937
      },
      "partial_overlap": {
        "auc": 0.6515818656229615,
        "acc": 0.6555023923444976,
        "rmse": 0.4772399090139206,
        "bce": 0.6993606669833979,
        "n": 418
      },
      "target_concept_unseen": {
        "auc": 0.6455352056034049,
        "acc": 0.630192502532928,
        "rmse": 0.5008702155965958,
        "bce": 0.7584334918587754,
        "n": 987
      },
      "runtime": {
        "queries": 8342,
        "seconds": 0.43805318092927337,
        "queries_per_second": 19043.349901725454,
        "seconds_per_10k_queries": 0.5251176947126269,
        "avg_memory_candidates": 121.21337808678975
      }
    },
    "support_deletion": {
      "overall": {
        "auc": 0.5354395993704104,
        "acc": 0.6253895948213858,
        "rmse": 0.49382746426816193,
        "bce": 0.6990310288681311,
        "n": 8342
      },
      "direct_seen": {
        "auc": 0.5355728995011906,
        "acc": 0.6300994666282255,
        "rmse": 0.49063786775273394,
        "bce": 0.6896505785239632,
        "n": 6937
      },
      "partial_overlap": {
        "auc": 0.5050282670145684,
        "acc": 0.6698564593301436,
        "rmse": 0.4845960635592922,
        "bce": 0.704335439213193,
        "n": 418
      },
      "target_concept_unseen": {
        "auc": 0.5401697442943798,
        "acc": 0.5734549138804458,
        "rmse": 0.5193845211859413,
        "bce": 0.7627138460041571,
        "n": 987
      },
      "runtime": {
        "queries": 8342,
        "seconds": 0.40813641995191574,
        "queries_per_second": 20439.244311945517,
        "seconds_per_10k_queries": 0.4892548788682759,
        "avg_memory_candidates": 121.21337808678975
      },
      "delta_vs_retrieval": {
        "auc_drop": 0.10707924656736956,
        "bce_increase": -0.0542585635075169,
        "rmse_increase": 0.002402404349880982
      }
    },
    "support_corruption": {
      "overall": {
        "auc": 0.5640858676343319,
        "acc": 0.6527211699832175,
        "rmse": 0.512470072360926,
        "bce": 0.822615795613381,
        "n": 8342
      },
      "direct_seen": {
        "auc": 0.5628176808878586,
        "acc": 0.6612368458988035,
        "rmse": 0.5071684053767087,
        "bce": 0.8076197657674209,
        "n": 6937
      },
      "partial_overlap": {
        "auc": 0.6024951076320939,
        "acc": 0.69377990430622,
        "rmse": 0.48043885176761125,
        "bce": 0.7302677673822192,
        "n": 418
      },
      "target_concept_unseen": {
        "auc": 0.5545133885183819,
        "acc": 0.5754812563323202,
        "rmse": 0.5604361448011012,
        "bce": 0.967123328381417,
        "n": 987
      },
      "runtime": {
        "queries": 8342,
        "seconds": 0.41518130898475647,
        "queries_per_second": 20092.426656678515,
        "seconds_per_10k_queries": 0.4976999628203746,
        "avg_memory_candidates": 121.21337808678975
      },
      "delta_vs_retrieval": {
        "auc_drop": 0.07843297830344809,
        "bce_increase": 0.06932620323773309,
        "rmse_increase": 0.02104501244264506
      }
    },
    "shuffle_student": {
      "overall": {
        "auc": 0.641316191690833,
        "acc": 0.6479261567969312,
        "rmse": 0.492170969367583,
        "bce": 0.7556514841776563,
        "n": 8342
      },
      "direct_seen": {
        "auc": 0.6372209240750547,
        "acc": 0.6491278650713564,
        "rmse": 0.4919557177030211,
        "bce": 0.7587897661200305,
        "n": 6937
      },
      "partial_overlap": {
        "auc": 0.6523972602739725,
        "acc": 0.65311004784689,
        "rmse": 0.47770857971369163,
        "bce": 0.7038099951892308,
        "n": 418
      },
      "target_concept_unseen": {
        "auc": 0.6488530111598914,
        "acc": 0.6372847011144883,
        "rmse": 0.49966137565471214,
        "bce": 0.7555496407763514,
        "n": 987
      },
      "runtime": {
        "queries": 8342,
        "seconds": 0.41972699598409235,
        "queries_per_second": 19874.82358727329,
        "seconds_per_10k_queries": 0.503149120096011,
        "avg_memory_candidates": 121.21337808678975
      },
      "delta_vs_retrieval": {
        "auc_drop": 0.001202654246946988,
        "bce_increase": 0.002361891802008298,
        "rmse_increase": 0.0007459094493020291
      }
    }
  }
}