{
  "main": {
    "overall": {
      "auc": 0.7622528029992707,
      "acc": 0.7300573888091823,
      "rmse": 0.42775592140032076,
      "bce": 0.5621817061888492,
      "n": 55760
    },
    "direct_seen": {
      "auc": 0.7608986989991824,
      "acc": 0.7272979676452078,
      "rmse": 0.42942731088879416,
      "bce": 0.5659039988717208,
      "n": 54026
    },
    "partial_overlap": {
      "auc": 0.7833454810495627,
      "acc": 0.8134920634920635,
      "rmse": 0.37807855951421626,
      "bce": 0.4464400706285754,
      "n": 252
    },
    "target_concept_unseen": {
      "auc": 0.7884768609084288,
      "acc": 0.8164642375168691,
      "rmse": 0.3708825564487335,
      "bce": 0.4461670689934177,
      "n": 1482
    },
    "short_history": {
      "auc": 0.7668661100803958,
      "acc": 0.7300208478109799,
      "rmse": 0.4319670293166999,
      "bce": 0.5705050648660769,
      "n": 2878
    },
    "runtime": {
      "queries": 55760,
      "seconds": 2.857433549128473,
      "queries_per_second": 19514.014601321873,
      "seconds_per_10k_queries": 0.5124522146930547,
      "avg_memory_candidates": 102.6741212338594
    }
  }
}