{
  "dataset": "junyi",
  "model": "ncdm",
  "seed": 42,
  "best_valid_auc": 0.7864427326580243,
  "best_epoch": 10,
  "test": {
    "auc": 0.7970195518152238,
    "acc": 0.7456890088469036,
    "rmse": 0.4150620235870604,
    "bce": 0.5172431635378045,
    "n": 80028
  },
  "doa": {
    "aggregate": 0.5150769793544472,
    "exposure_stratified": {
      "per_decile": {
        "0": NaN,
        "1": 0.6467948717948718,
        "2": 0.5120433835711613,
        "3": 0.528084738079082,
        "4": 0.5486290297812102,
        "5": 0.49961851354440223,
        "6": 0.502495140126811,
        "7": 0.4922658695468606,
        "8": 0.5111649986552502,
        "9": 0.5142449309391359
      },
      "decile_counts": {
        "0": 0,
        "1": 7,
        "2": 36,
        "3": 65,
        "4": 67,
        "5": 71,
        "6": 70,
        "7": 70,
        "8": 70,
        "9": 69
      },
      "per_decile_pairs": {
        "0": 32,
        "1": 206,
        "2": 1069,
        "3": 3655,
        "4": 8468,
        "5": 22708,
        "6": 57263,
        "7": 93556,
        "8": 84610,
        "9": 73629
      },
      "n_measurable_deciles": 9,
      "head_decile_doa": 0.5142449309391359,
      "tail_decile_doa": NaN,
      "head_minus_tail_gap": NaN,
      "bottom_group_doa": 0.5339796723517654,
      "top_group_doa": 0.5058519665499911,
      "group_gap": -0.02812770580177426,
      "group_gap_ci95": [
        -0.09103472333573219,
        0.031000270731748793
      ],
      "group_gap_p_le_0": 0.806,
      "bottom_group_ci95": [
        0.47508509793393505,
        0.5950477520971706
      ],
      "top_group_ci95": [
        0.49320223884766495,
        0.5183386114371912
      ]
    }
  },
  "calibration": {
    "temperature": 1.1800000000000002,
    "ece_uncalibrated": 0.03337124860941164,
    "ece_calibrated": 0.017791917937173374,
    "ece_certified": NaN,
    "ece_abstained": 0.017791917937173374
  },
  "certificate": {
    "n_min": 2,
    "concept_identifiable_fraction": 0.0,
    "certified_cell_fraction": 0.0,
    "certified_prediction_fraction": 0.0
  },
  "selective": {
    "per_method": {
      "certificate": {
        "aurc": 0.25516145362895304,
        "selective_auc": {
          "0.50": 0.7966794096593763,
          "0.70": 0.7967265203148031,
          "0.90": 0.7970793655313617,
          "1.00": 0.7970195518152238
        }
      },
      "count": {
        "aurc": 0.25516145362895304,
        "selective_auc": {
          "0.50": 0.7966794096593763,
          "0.70": 0.7967265203148031,
          "0.90": 0.7970793655313617,
          "1.00": 0.7970195518152238
        }
      },
      "prob_margin": {
        "aurc": 0.1395419351516827,
        "selective_auc": {
          "0.50": 0.8320263511697615,
          "0.70": 0.8218493781274353,
          "0.90": 0.8074839179673095,
          "1.00": 0.7970195518152238
        }
      },
      "mc_dropout": {
        "aurc": 0.19963523879013764,
        "selective_auc": {
          "0.50": 0.8537829814220492,
          "0.70": 0.8346099139132888,
          "0.90": 0.8097503846729942,
          "1.00": 0.7970195518152238
        }
      },
      "ability": {
        "aurc": 0.24203048315752568,
        "selective_auc": {
          "0.50": 0.7899968480567394,
          "0.70": 0.7936415881775198,
          "0.90": 0.79607930977913,
          "1.00": 0.7970195518152238
        }
      },
      "random": {
        "aurc": 0.25618489255995414,
        "selective_auc": {
          "0.50": 0.7970416578776254,
          "0.70": 0.7972044479607103,
          "0.90": 0.7970093059294918,
          "1.00": 0.7970195518152238
        }
      }
    },
    "certificate_excess_aurc_vs": {
      "count": 0.0,
      "prob_margin": -0.11561951847727034,
      "mc_dropout": -0.055526214838815396,
      "ability": -0.013130970471427361,
      "random": 0.0010234389310010972
    }
  },
  "kill_switch_pass": false,
  "config": {
    "dataset": "junyi",
    "data_root": "data_retricd",
    "output_dir": "outputs/certcd_run",
    "model": "ncdm",
    "epochs": 30,
    "lr": 0.001,
    "batch_size": 256,
    "dropout": 0.2,
    "latent_dim": 32,
    "grad_clip": 5.0,
    "patience": 8,
    "n_min": 2,
    "mc_passes": 20,
    "doa_max_responders": 80,
    "num_workers": 2,
    "seed": 42,
    "device": "cuda:2"
  }
}