{
  "main": {
    "overall": {
      "auc": 0.7551061995852729,
      "acc": 0.7236908177905308,
      "rmse": 0.4341991082162542,
      "bce": 0.6011016934950004,
      "n": 55760
    },
    "direct_seen": {
      "auc": 0.7540969498894485,
      "acc": 0.7213378743567912,
      "rmse": 0.43555361481656424,
      "bce": 0.6044072220834428,
      "n": 54026
    },
    "partial_overlap": {
      "auc": 0.7940051020408164,
      "acc": 0.8134920634920635,
      "rmse": 0.3839976978804206,
      "bce": 0.4671998928906074,
      "n": 252
    },
    "target_concept_unseen": {
      "auc": 0.7873345422872075,
      "acc": 0.7941970310391363,
      "rmse": 0.3905976095133272,
      "bce": 0.5033680674714666,
      "n": 1482
    },
    "short_history": {
      "auc": 0.7594465058750772,
      "acc": 0.7303683113273106,
      "rmse": 0.44008072860275366,
      "bce": 0.617887726896815,
      "n": 2878
    },
    "runtime": {
      "queries": 55760,
      "seconds": 2.723070114850998,
      "queries_per_second": 20476.887354423154,
      "seconds_per_10k_queries": 0.4883554725342536,
      "avg_memory_candidates": 102.6741212338594
    }
  }
}