{
  "main": {
    "overall": {
      "auc": 0.832208915300974,
      "acc": 0.7744914280001999,
      "rmse": 0.3944882662180021,
      "bce": 0.4754349417069655,
      "n": 80028
    },
    "target_concept_unseen": {
      "auc": 0.832208915300974,
      "acc": 0.7744914280001999,
      "rmse": 0.3944882662180021,
      "bce": 0.4754349417069655,
      "n": 80028
    },
    "runtime": {
      "queries": 80028,
      "seconds": 4.2913770789746195,
      "queries_per_second": 18648.559314932507,
      "seconds_per_10k_queries": 0.5362344528133428,
      "avg_memory_candidates": 43.05871694906783
    }
  }
}