{
  "main": {
    "overall": {
      "auc": 0.7528239676313286,
      "acc": 0.7230631276901004,
      "rmse": 0.4328035594691573,
      "bce": 0.5742370037265631,
      "n": 55760
    },
    "direct_seen": {
      "auc": 0.7518406897635752,
      "acc": 0.7206159997038463,
      "rmse": 0.43430812513009254,
      "bce": 0.5777803227899941,
      "n": 54026
    },
    "partial_overlap": {
      "auc": 0.7887208454810496,
      "acc": 0.7976190476190477,
      "rmse": 0.38193875462696303,
      "bce": 0.4515376711478797,
      "n": 252
    },
    "target_concept_unseen": {
      "auc": 0.7885539674153613,
      "acc": 0.7995951417004049,
      "rmse": 0.3831531215944783,
      "bce": 0.46592990257197237,
      "n": 1482
    },
    "short_history": {
      "auc": 0.7568934240362811,
      "acc": 0.718554551772064,
      "rmse": 0.43733472767770926,
      "bce": 0.5821947735506577,
      "n": 2878
    },
    "runtime": {
      "queries": 55760,
      "seconds": 2.870601278031245,
      "queries_per_second": 19424.501907224847,
      "seconds_per_10k_queries": 0.5148137155723179,
      "avg_memory_candidates": 102.6741212338594
    }
  }
}