{
  "main": {
    "overall": {
      "auc": 0.7064668387039856,
      "acc": 0.73,
      "rmse": 0.40977527545223597,
      "bce": 0.5078167408683105,
      "n": 1000
    },
    "target_concept_unseen": {
      "auc": 0.7064668387039856,
      "acc": 0.73,
      "rmse": 0.40977527545223597,
      "bce": 0.5078167408683105,
      "n": 1000
    },
    "runtime": {
      "queries": 1000,
      "seconds": 0.07895803195424378,
      "queries_per_second": 12664.955993071111,
      "seconds_per_10k_queries": 0.7895803195424378,
      "avg_memory_candidates": 4.0
    }
  },
  "fidelity": {
    "retrieval": {
      "overall": {
        "auc": 0.7064668387039856,
        "acc": 0.73,
        "rmse": 0.40977527545223597,
        "bce": 0.5078167408683105,
        "n": 1000
      },
      "target_concept_unseen": {
        "auc": 0.7064668387039856,
        "acc": 0.73,
        "rmse": 0.40977527545223597,
        "bce": 0.5078167408683105,
        "n": 1000
      },
      "runtime": {
        "queries": 1000,
        "seconds": 0.056009260937571526,
        "queries_per_second": 17854.19024033561,
        "seconds_per_10k_queries": 0.5600926093757153,
        "avg_memory_candidates": 4.0
      }
    },
    "support_deletion": {
      "overall": {
        "auc": 0.6774658682370586,
        "acc": 0.73,
        "rmse": 0.41670245573200415,
        "bce": 0.5262343860216895,
        "n": 1000
      },
      "target_concept_unseen": {
        "auc": 0.6774658682370586,
        "acc": 0.73,
        "rmse": 0.41670245573200415,
        "bce": 0.5262343860216895,
        "n": 1000
      },
      "runtime": {
        "queries": 1000,
        "seconds": 0.062391163082793355,
        "queries_per_second": 16027.91085450668,
        "seconds_per_10k_queries": 0.6239116308279335,
        "avg_memory_candidates": 4.0
      },
      "delta_vs_retrieval": {
        "auc_drop": 0.029000970466927067,
        "bce_increase": 0.01841764515337896,
        "rmse_increase": 0.006927180279768186
      }
    },
    "support_corruption": {
      "overall": {
        "auc": 0.7130064624274907,
        "acc": 0.73,
        "rmse": 0.40843192446229676,
        "bce": 0.5055845553160181,
        "n": 1000
      },
      "target_concept_unseen": {
        "auc": 0.7130064624274907,
        "acc": 0.73,
        "rmse": 0.40843192446229676,
        "bce": 0.5055845553160181,
        "n": 1000
      },
      "runtime": {
        "queries": 1000,
        "seconds": 0.05387474806047976,
        "queries_per_second": 18561.571719600444,
        "seconds_per_10k_queries": 0.5387474806047976,
        "avg_memory_candidates": 4.0
      },
      "delta_vs_retrieval": {
        "auc_drop": -0.006539623723505028,
        "bce_increase": -0.0022321855522924317,
        "rmse_increase": -0.001343350989939207
      }
    },
    "shuffle_student": {
      "overall": {
        "auc": 0.6855411455920952,
        "acc": 0.755,
        "rmse": 0.4108706836990163,
        "bce": 0.5126605068205224,
        "n": 1000
      },
      "target_concept_unseen": {
        "auc": 0.6855411455920952,
        "acc": 0.755,
        "rmse": 0.4108706836990163,
        "bce": 0.5126605068205224,
        "n": 1000
      },
      "runtime": {
        "queries": 1000,
        "seconds": 0.05387518601492047,
        "queries_per_second": 18561.420831531883,
        "seconds_per_10k_queries": 0.5387518601492047,
        "avg_memory_candidates": 4.0
      },
      "delta_vs_retrieval": {
        "auc_drop": 0.02092569311189041,
        "bce_increase": 0.00484376595221192,
        "rmse_increase": 0.0010954082467803383
      }
    }
  }
}