{
  "junyi": {
    "main": {
      "overall": {
        "auc": 0.8324521314039193,
        "acc": 0.7737916729144799,
        "rmse": 0.39425823472058136,
        "bce": 0.47466791767462335,
        "n": 80028
      },
      "target_concept_unseen": {
        "auc": 0.8324521314039193,
        "acc": 0.7737916729144799,
        "rmse": 0.39425823472058136,
        "bce": 0.47466791767462335,
        "n": 80028
      },
      "runtime": {
        "queries": 80028,
        "seconds": 4.36879268521443,
        "queries_per_second": 18318.104283328346,
        "seconds_per_10k_queries": 0.5459080178455579,
        "avg_memory_candidates": 43.05871694906783
      }
    }
  }
}