{
  "main": {
    "overall": {
      "auc": 0.7136498987481644,
      "acc": 0.6901057871810827,
      "rmse": 0.45236784058824414,
      "bce": 0.6065261784902163,
      "n": 72315
    },
    "direct_seen": {
      "auc": 0.7125437801288079,
      "acc": 0.6942493672795534,
      "rmse": 0.4505921143900873,
      "bce": 0.6032282297215305,
      "n": 59663
    },
    "partial_overlap": {
      "auc": 0.7139032213080463,
      "acc": 0.6948890036138359,
      "rmse": 0.44972272052381235,
      "bce": 0.6046432976917891,
      "n": 3874
    },
    "target_concept_unseen": {
      "auc": 0.7070085848303291,
      "acc": 0.659831396673502,
      "rmse": 0.46538984453930876,
      "bce": 0.6297729086792352,
      "n": 8778
    },
    "runtime": {
      "queries": 72315,
      "seconds": 4.155244967900217,
      "queries_per_second": 17403.30607669159,
      "seconds_per_10k_queries": 0.5746034664869275,
      "avg_memory_candidates": 118.50776464080758
    }
  },
  "fidelity": {
    "retrieval": {
      "overall": {
        "auc": 0.7136498987481644,
        "acc": 0.6901057871810827,
        "rmse": 0.45236784058824414,
        "bce": 0.6065261784902163,
        "n": 72315
      },
      "direct_seen": {
        "auc": 0.7125437801288079,
        "acc": 0.6942493672795534,
        "rmse": 0.4505921143900873,
        "bce": 0.6032282297215305,
        "n": 59663
      },
      "partial_overlap": {
        "auc": 0.7139032213080463,
        "acc": 0.6948890036138359,
        "rmse": 0.44972272052381235,
        "bce": 0.6046432976917891,
        "n": 3874
      },
      "target_concept_unseen": {
        "auc": 0.7070085848303291,
        "acc": 0.659831396673502,
        "rmse": 0.46538984453930876,
        "bce": 0.6297729086792352,
        "n": 8778
      },
      "runtime": {
        "queries": 72315,
        "seconds": 3.735494073946029,
        "queries_per_second": 19358.884947609964,
        "seconds_per_10k_queries": 0.5165586771687795,
        "avg_memory_candidates": 118.50776464080758
      }
    },
    "support_deletion": {
      "overall": {
        "auc": 0.6742192584613338,
        "acc": 0.640849063126599,
        "rmse": 0.46968551107405554,
        "bce": 0.6314790369893634,
        "n": 72315
      },
      "direct_seen": {
        "auc": 0.6728807303907357,
        "acc": 0.641000284933711,
        "rmse": 0.46926546365401534,
        "bce": 0.6305208846662983,
        "n": 59663
      },
      "partial_overlap": {
        "auc": 0.6789554418748027,
        "acc": 0.656169334021683,
        "rmse": 0.4637403776604922,
        "bce": 0.6207341627780827,
        "n": 3874
      },
      "target_concept_unseen": {
        "auc": 0.6729703666985734,
        "acc": 0.6330599225336068,
        "rmse": 0.47511512590930327,
        "bce": 0.6427335237455205,
        "n": 8778
      },
      "runtime": {
        "queries": 72315,
        "seconds": 3.593945918837562,
        "queries_per_second": 20121.337836766837,
        "seconds_per_10k_queries": 0.49698484668983783,
        "avg_memory_candidates": 118.50776464080758
      },
      "delta_vs_retrieval": {
        "auc_drop": 0.03943064028683063,
        "bce_increase": 0.02495285849914708,
        "rmse_increase": 0.0173176704858114
      }
    },
    "support_corruption": {
      "overall": {
        "auc": 0.651632888250973,
        "acc": 0.6561570905068105,
        "rmse": 0.4657371494744121,
        "bce": 0.623408369171016,
        "n": 72315
      },
      "direct_seen": {
        "auc": 0.6506517682516744,
        "acc": 0.6606607109934131,
        "rmse": 0.4639482447425634,
        "bce": 0.6197960889015635,
        "n": 59663
      },
      "partial_overlap": {
        "auc": 0.6553609934751815,
        "acc": 0.664945792462571,
        "rmse": 0.46262134493765367,
        "bce": 0.6172120655602776,
        "n": 3874
      },
      "target_concept_unseen": {
        "auc": 0.6461569632043731,
        "acc": 0.6216678058783321,
        "rmse": 0.4790528376451544,
        "bce": 0.65069521787281,
        "n": 8778
      },
      "runtime": {
        "queries": 72315,
        "seconds": 3.6367996830958873,
        "queries_per_second": 19884.240624009468,
        "seconds_per_10k_queries": 0.5029108322057508,
        "avg_memory_candidates": 118.50776464080758
      },
      "delta_vs_retrieval": {
        "auc_drop": 0.06201701049719144,
        "bce_increase": 0.01688219068079977,
        "rmse_increase": 0.013369308886167941
      }
    },
    "shuffle_student": {
      "overall": {
        "auc": 0.7092939116645092,
        "acc": 0.6873262808545945,
        "rmse": 0.45415665487167567,
        "bce": 0.6105669168697405,
        "n": 72315
      },
      "direct_seen": {
        "auc": 0.7080281331384879,
        "acc": 0.6903943817776511,
        "rmse": 0.4524568366966761,
        "bce": 0.6073211697939039,
        "n": 59663
      },
      "partial_overlap": {
        "auc": 0.7081173439805064,
        "acc": 0.6990191017036654,
        "rmse": 0.4519661686366012,
        "bce": 0.6103832258154471,
        "n": 3874
      },
      "target_concept_unseen": {
        "auc": 0.7044962526567773,
        "acc": 0.6613123718386876,
        "rmse": 0.46648548226392,
        "bce": 0.6327089340638592,
        "n": 8778
      },
      "runtime": {
        "queries": 72315,
        "seconds": 3.7626589860301465,
        "queries_per_second": 19219.12144270536,
        "seconds_per_10k_queries": 0.5203151470690931,
        "avg_memory_candidates": 118.50776464080758
      },
      "delta_vs_retrieval": {
        "auc_drop": 0.004355987083655255,
        "bce_increase": 0.0040407383795242335,
        "rmse_increase": 0.001788814283431528
      }
    }
  }
}