{
  "main": {
    "overall": {
      "auc": 0.9155144799419244,
      "acc": 0.8456156716417911,
      "rmse": 0.343484201405982,
      "bce": 0.38402432828467675,
      "n": 2144
    },
    "direct_seen": {
      "auc": 0.9156543283629854,
      "acc": 0.8449248120300752,
      "rmse": 0.3436070600172068,
      "bce": 0.38407597750870126,
      "n": 2128
    },
    "partial_overlap": {
      "auc": 0.890625,
      "acc": 0.9375,
      "rmse": 0.32673080889113126,
      "bce": 0.37715498148941573,
      "n": 16
    },
    "runtime": {
      "queries": 2144,
      "seconds": 0.2806559409946203,
      "queries_per_second": 7639.246803049491,
      "seconds_per_10k_queries": 1.3090295755346097,
      "avg_memory_candidates": 17.5
    }
  },
  "fidelity": {
    "retrieval": {
      "overall": {
        "auc": 0.9155144799419244,
        "acc": 0.8456156716417911,
        "rmse": 0.343484201405982,
        "bce": 0.38402432828467675,
        "n": 2144
      },
      "direct_seen": {
        "auc": 0.9156543283629854,
        "acc": 0.8449248120300752,
        "rmse": 0.3436070600172068,
        "bce": 0.38407597750870126,
        "n": 2128
      },
      "partial_overlap": {
        "auc": 0.890625,
        "acc": 0.9375,
        "rmse": 0.32673080889113126,
        "bce": 0.37715498148941573,
        "n": 16
      },
      "runtime": {
        "queries": 2144,
        "seconds": 0.11379856197163463,
        "queries_per_second": 18840.308373443353,
        "seconds_per_10k_queries": 0.5307768748676989,
        "avg_memory_candidates": 17.5
      }
    },
    "support_deletion": {
      "overall": {
        "auc": 0.6797126691939028,
        "acc": 0.6254664179104478,
        "rmse": 0.47724374950466236,
        "bce": 0.6489982382552353,
        "n": 2144
      },
      "direct_seen": {
        "auc": 0.6807847299823715,
        "acc": 0.6259398496240601,
        "rmse": 0.4768339853410064,
        "bce": 0.6481567845501078,
        "n": 2128
      },
      "partial_overlap": {
        "auc": 0.5625,
        "acc": 0.5625,
        "rmse": 0.5289231842801025,
        "bce": 0.7609115810371969,
        "n": 16
      },
      "runtime": {
        "queries": 2144,
        "seconds": 0.10826852289028466,
        "queries_per_second": 19802.616150703845,
        "seconds_per_10k_queries": 0.5049837821375217,
        "avg_memory_candidates": 17.5
      },
      "delta_vs_retrieval": {
        "auc_drop": 0.23580181074802153,
        "bce_increase": 0.26497390997055853,
        "rmse_increase": 0.13375954809868035
      }
    },
    "support_corruption": {
      "overall": {
        "auc": 0.8961827876482431,
        "acc": 0.8180970149253731,
        "rmse": 0.3651874940536945,
        "bce": 0.4213028934762162,
        "n": 2144
      },
      "direct_seen": {
        "auc": 0.8967641622906093,
        "acc": 0.8181390977443609,
        "rmse": 0.3648110450609743,
        "bce": 0.42059708525336004,
        "n": 2128
      },
      "partial_overlap": {
        "auc": 0.828125,
        "acc": 0.8125,
        "rmse": 0.4121991281264652,
        "bce": 0.5151753871160965,
        "n": 16
      },
      "runtime": {
        "queries": 2144,
        "seconds": 0.11440568999387324,
        "queries_per_second": 18740.326640351694,
        "seconds_per_10k_queries": 0.5336086287027669,
        "avg_memory_candidates": 17.5
      },
      "delta_vs_retrieval": {
        "auc_drop": 0.019331692293681257,
        "bce_increase": 0.03727856519153944,
        "rmse_increase": 0.02170329264771248
      }
    },
    "shuffle_student": {
      "overall": {
        "auc": 0.8391299512504389,
        "acc": 0.7803171641791045,
        "rmse": 0.4011601194685563,
        "bce": 0.49844173735149655,
        "n": 2144
      },
      "direct_seen": {
        "auc": 0.8396456126969225,
        "acc": 0.7805451127819549,
        "rmse": 0.4008673086591264,
        "bce": 0.49772521812590453,
        "n": 2128
      },
      "partial_overlap": {
        "auc": 0.703125,
        "acc": 0.75,
        "rmse": 0.43836623675112796,
        "bce": 0.5937387943552379,
        "n": 16
      },
      "runtime": {
        "queries": 2144,
        "seconds": 0.11752252699807286,
        "queries_per_second": 18243.31091889436,
        "seconds_per_10k_queries": 0.5481461147298174,
        "avg_memory_candidates": 17.5
      },
      "delta_vs_retrieval": {
        "auc_drop": 0.07638452869148549,
        "bce_increase": 0.1144174090668198,
        "rmse_increase": 0.05767591806257427
      }
    }
  }
}