{
  "main": {
    "overall": {
      "auc": 0.7207053458675432,
      "acc": 0.7004724801061007,
      "rmse": 0.4463917219757453,
      "bce": 0.5922604442908453,
      "n": 72384
    },
    "direct_seen": {
      "auc": 0.7188174851563965,
      "acc": 0.7052462149791258,
      "rmse": 0.44418469883862255,
      "bce": 0.588135810223087,
      "n": 59643
    },
    "partial_overlap": {
      "auc": 0.7227790786765091,
      "acc": 0.7042558307285405,
      "rmse": 0.44516698233192037,
      "bce": 0.5925571423240218,
      "n": 4159
    },
    "target_concept_unseen": {
      "auc": 0.7138126891782397,
      "acc": 0.6654625961314379,
      "rmse": 0.46201173423133296,
      "bce": 0.6207819523988999,
      "n": 8582
    },
    "runtime": {
      "queries": 72384,
      "seconds": 4.066240784013644,
      "queries_per_second": 17801.208498172677,
      "seconds_per_10k_queries": 0.561759613176067,
      "avg_memory_candidates": 118.43696120689656
    }
  },
  "fidelity": {
    "retrieval": {
      "overall": {
        "auc": 0.7207053458675432,
        "acc": 0.7004724801061007,
        "rmse": 0.4463917219757453,
        "bce": 0.5922604442908453,
        "n": 72384
      },
      "direct_seen": {
        "auc": 0.7188174851563965,
        "acc": 0.7052462149791258,
        "rmse": 0.44418469883862255,
        "bce": 0.588135810223087,
        "n": 59643
      },
      "partial_overlap": {
        "auc": 0.7227790786765091,
        "acc": 0.7042558307285405,
        "rmse": 0.44516698233192037,
        "bce": 0.5925571423240218,
        "n": 4159
      },
      "target_concept_unseen": {
        "auc": 0.7138126891782397,
        "acc": 0.6654625961314379,
        "rmse": 0.46201173423133296,
        "bce": 0.6207819523988999,
        "n": 8582
      },
      "runtime": {
        "queries": 72384,
        "seconds": 3.6449944330379367,
        "queries_per_second": 19858.466543574727,
        "seconds_per_10k_queries": 0.503563554520051,
        "avg_memory_candidates": 118.43696120689656
      }
    },
    "support_deletion": {
      "overall": {
        "auc": 0.6702346287630271,
        "acc": 0.6484305923961097,
        "rmse": 0.4694087168524156,
        "bce": 0.6314603500851561,
        "n": 72384
      },
      "direct_seen": {
        "auc": 0.6679472705075599,
        "acc": 0.6508391596666835,
        "rmse": 0.4688555916430686,
        "bce": 0.6304250283328193,
        "n": 59643
      },
      "partial_overlap": {
        "auc": 0.6862202771991258,
        "acc": 0.6698725655205578,
        "rmse": 0.4626682407225722,
        "bce": 0.6177504818687503,
        "n": 4159
      },
      "target_concept_unseen": {
        "auc": 0.6666495184578963,
        "acc": 0.6213003961780471,
        "rmse": 0.4764409301035836,
        "bce": 0.6452996692632793,
        "n": 8582
      },
      "runtime": {
        "queries": 72384,
        "seconds": 3.5258127599954605,
        "queries_per_second": 20529.734539871934,
        "seconds_per_10k_queries": 0.48709835875268853,
        "avg_memory_candidates": 118.43696120689656
      },
      "delta_vs_retrieval": {
        "auc_drop": 0.050470717104516116,
        "bce_increase": 0.03919990579431076,
        "rmse_increase": 0.023016994876670305
      }
    },
    "support_corruption": {
      "overall": {
        "auc": 0.6546944306356434,
        "acc": 0.6637102122015915,
        "rmse": 0.46478530772857884,
        "bce": 0.6221259671101933,
        "n": 72384
      },
      "direct_seen": {
        "auc": 0.6525429534708826,
        "acc": 0.6693325285448418,
        "rmse": 0.46292033683610667,
        "bce": 0.6184417547602498,
        "n": 59643
      },
      "partial_overlap": {
        "auc": 0.6727496930665345,
        "acc": 0.6677085837941813,
        "rmse": 0.46087641230388265,
        "bce": 0.6134599872405009,
        "n": 4159
      },
      "target_concept_unseen": {
        "auc": 0.6464544975588615,
        "acc": 0.6226986716383127,
        "rmse": 0.47937790388597973,
        "bce": 0.6519301255191583,
        "n": 8582
      },
      "runtime": {
        "queries": 72384,
        "seconds": 3.5977570270188153,
        "queries_per_second": 20119.20189618226,
        "seconds_per_10k_queries": 0.4970376087282846,
        "avg_memory_candidates": 118.43696120689656
      },
      "delta_vs_retrieval": {
        "auc_drop": 0.06601091523189984,
        "bce_increase": 0.029865522819347956,
        "rmse_increase": 0.018393585752833563
      }
    },
    "shuffle_student": {
      "overall": {
        "auc": 0.7166842348680629,
        "acc": 0.6979581122900088,
        "rmse": 0.44822696169589304,
        "bce": 0.5964704316009173,
        "n": 72384
      },
      "direct_seen": {
        "auc": 0.7145684697164281,
        "acc": 0.7022953238435357,
        "rmse": 0.44614895681100875,
        "bce": 0.5925327766280315,
        "n": 59643
      },
      "partial_overlap": {
        "auc": 0.7200851413432454,
        "acc": 0.7049771579706661,
        "rmse": 0.44623814131636896,
        "bce": 0.5960756892501557,
        "n": 4159
      },
      "target_concept_unseen": {
        "auc": 0.7109711041654433,
        "acc": 0.6644138895362386,
        "rmse": 0.4633421325562742,
        "bce": 0.6240275615222222,
        "n": 8582
      },
      "runtime": {
        "queries": 72384,
        "seconds": 3.6913423750083894,
        "queries_per_second": 19609.12661205952,
        "seconds_per_10k_queries": 0.5099666190053588,
        "avg_memory_candidates": 118.43696120689656
      },
      "delta_vs_retrieval": {
        "auc_drop": 0.004021110999480326,
        "bce_increase": 0.004209987310071939,
        "rmse_increase": 0.0018352397201477633
      }
    }
  }
}