{
  "main": {
    "overall": {
      "auc": 0.7237484883267775,
      "acc": 0.6997150681899914,
      "rmse": 0.44804321393992474,
      "bce": 0.6045580669247375,
      "n": 72298
    },
    "direct_seen": {
      "auc": 0.7229849434473576,
      "acc": 0.7037561894599956,
      "rmse": 0.446284020727214,
      "bce": 0.6021569885540224,
      "n": 59981
    },
    "partial_overlap": {
      "auc": 0.725846565228062,
      "acc": 0.7029972752043597,
      "rmse": 0.4444668084551231,
      "bce": 0.6023611399044012,
      "n": 4037
    },
    "target_concept_unseen": {
      "auc": 0.7135127044672256,
      "acc": 0.6688405797101449,
      "rmse": 0.46227244049922506,
      "bce": 0.6230228104192979,
      "n": 8280
    },
    "runtime": {
      "queries": 72298,
      "seconds": 4.069277638802305,
      "queries_per_second": 17766.789690289897,
      "seconds_per_10k_queries": 0.56284788497639,
      "avg_memory_candidates": 118.87786660765167
    }
  },
  "fidelity": {
    "retrieval": {
      "overall": {
        "auc": 0.7237484883267775,
        "acc": 0.6997150681899914,
        "rmse": 0.44804321393992474,
        "bce": 0.6045580669247375,
        "n": 72298
      },
      "direct_seen": {
        "auc": 0.7229849434473576,
        "acc": 0.7037561894599956,
        "rmse": 0.446284020727214,
        "bce": 0.6021569885540224,
        "n": 59981
      },
      "partial_overlap": {
        "auc": 0.725846565228062,
        "acc": 0.7029972752043597,
        "rmse": 0.4444668084551231,
        "bce": 0.6023611399044012,
        "n": 4037
      },
      "target_concept_unseen": {
        "auc": 0.7135127044672256,
        "acc": 0.6688405797101449,
        "rmse": 0.46227244049922506,
        "bce": 0.6230228104192979,
        "n": 8280
      },
      "runtime": {
        "queries": 72298,
        "seconds": 3.6312307480257004,
        "queries_per_second": 19910.05392298697,
        "seconds_per_10k_queries": 0.5022588104824062,
        "avg_memory_candidates": 118.87786660765167
      }
    },
    "support_deletion": {
      "overall": {
        "auc": 0.6836712499810628,
        "acc": 0.647832581814158,
        "rmse": 0.4665800412988438,
        "bce": 0.6254888323950828,
        "n": 72298
      },
      "direct_seen": {
        "auc": 0.6822605244028075,
        "acc": 0.6489721745219319,
        "rmse": 0.4662086100014806,
        "bce": 0.624829626879821,
        "n": 59981
      },
      "partial_overlap": {
        "auc": 0.6948029249825497,
        "acc": 0.6742630666336389,
        "rmse": 0.45666773106225894,
        "bce": 0.6052160234362595,
        "n": 4037
      },
      "target_concept_unseen": {
        "auc": 0.6786034014628088,
        "acc": 0.6266908212560387,
        "rmse": 0.4739924687539728,
        "bce": 0.6401483898561556,
        "n": 8280
      },
      "runtime": {
        "queries": 72298,
        "seconds": 3.5723246678244323,
        "queries_per_second": 20238.36205347761,
        "seconds_per_10k_queries": 0.4941111327871355,
        "avg_memory_candidates": 118.87786660765167
      },
      "delta_vs_retrieval": {
        "auc_drop": 0.04007723834571475,
        "bce_increase": 0.020930765470345336,
        "rmse_increase": 0.01853682735891904
      }
    },
    "support_corruption": {
      "overall": {
        "auc": 0.6634036391322446,
        "acc": 0.6624941215524635,
        "rmse": 0.4633795654806708,
        "bce": 0.6189319513613931,
        "n": 72298
      },
      "direct_seen": {
        "auc": 0.6630416845147864,
        "acc": 0.6666944532435272,
        "rmse": 0.46156864275812454,
        "bce": 0.6152584516565656,
        "n": 59981
      },
      "partial_overlap": {
        "auc": 0.6682494926156652,
        "acc": 0.6767401535793907,
        "rmse": 0.4592928397735746,
        "bce": 0.610647806993561,
        "n": 4037
      },
      "target_concept_unseen": {
        "auc": 0.6496239004847171,
        "acc": 0.6251207729468599,
        "rmse": 0.47821834438406235,
        "bce": 0.6495821055411284,
        "n": 8280
      },
      "runtime": {
        "queries": 72298,
        "seconds": 3.612248593941331,
        "queries_per_second": 20014.68008632139,
        "seconds_per_10k_queries": 0.49963326702555133,
        "avg_memory_candidates": 118.87786660765167
      },
      "delta_vs_retrieval": {
        "auc_drop": 0.06034484919453287,
        "bce_increase": 0.01437388443665566,
        "rmse_increase": 0.01533635154074603
      }
    },
    "shuffle_student": {
      "overall": {
        "auc": 0.7178909700891284,
        "acc": 0.6971285512738942,
        "rmse": 0.45038982831317087,
        "bce": 0.6098354735329315,
        "n": 72298
      },
      "direct_seen": {
        "auc": 0.7168373551219268,
        "acc": 0.7011887097580901,
        "rmse": 0.44872568686244263,
        "bce": 0.6075602507413613,
        "n": 59981
      },
      "partial_overlap": {
        "auc": 0.721176114974684,
        "acc": 0.6982908100074312,
        "rmse": 0.4461907042583204,
        "bce": 0.6061826255387499,
        "n": 4037
      },
      "target_concept_unseen": {
        "auc": 0.708992020647325,
        "acc": 0.6671497584541063,
        "rmse": 0.46424758572482205,
        "bce": 0.6280983582688844,
        "n": 8280
      },
      "runtime": {
        "queries": 72298,
        "seconds": 3.732368079945445,
        "queries_per_second": 19370.543968711885,
        "seconds_per_10k_queries": 0.516247763416062,
        "avg_memory_candidates": 118.87786660765167
      },
      "delta_vs_retrieval": {
        "auc_drop": 0.005857518237649129,
        "bce_increase": 0.005277406608194091,
        "rmse_increase": 0.0023466143732461253
      }
    }
  }
}