{
  "main": {
    "overall": {
      "auc": 0.7334972005398088,
      "acc": 0.699908700117929,
      "rmse": 0.44483535702408117,
      "bce": 0.5873900056496425,
      "n": 52574
    },
    "direct_seen": {
      "auc": 0.7355521791818989,
      "acc": 0.7007085862790083,
      "rmse": 0.4438556632651065,
      "bce": 0.5841437234695289,
      "n": 49253
    },
    "partial_overlap": {
      "auc": 0.7172794692116302,
      "acc": 0.6855123674911661,
      "rmse": 0.4597098764799167,
      "bce": 0.6335470910373493,
      "n": 849
    },
    "target_concept_unseen": {
      "auc": 0.7036850372714307,
      "acc": 0.688915857605178,
      "rmse": 0.4589171340062122,
      "bce": 0.6362175828029497,
      "n": 2472
    },
    "short_history": {
      "auc": 0.7718121436846688,
      "acc": 0.7527287993282955,
      "rmse": 0.41229354214478636,
      "bce": 0.5194313228685028,
      "n": 2382
    },
    "runtime": {
      "queries": 52574,
      "seconds": 3.1611332120373845,
      "queries_per_second": 16631.377570486973,
      "seconds_per_10k_queries": 0.6012731030618528,
      "avg_memory_candidates": 106.90111081523186
    }
  },
  "fidelity": {
    "retrieval": {
      "overall": {
        "auc": 0.7334972005398088,
        "acc": 0.699908700117929,
        "rmse": 0.44483535702408117,
        "bce": 0.5873900056496425,
        "n": 52574
      },
      "direct_seen": {
        "auc": 0.7355521791818989,
        "acc": 0.7007085862790083,
        "rmse": 0.4438556632651065,
        "bce": 0.5841437234695289,
        "n": 49253
      },
      "partial_overlap": {
        "auc": 0.7172794692116302,
        "acc": 0.6855123674911661,
        "rmse": 0.4597098764799167,
        "bce": 0.6335470910373493,
        "n": 849
      },
      "target_concept_unseen": {
        "auc": 0.7036850372714307,
        "acc": 0.688915857605178,
        "rmse": 0.4589171340062122,
        "bce": 0.6362175828029497,
        "n": 2472
      },
      "short_history": {
        "auc": 0.7718121436846688,
        "acc": 0.7527287993282955,
        "rmse": 0.41229354214478636,
        "bce": 0.5194313228685028,
        "n": 2382
      },
      "runtime": {
        "queries": 52574,
        "seconds": 2.713536510942504,
        "queries_per_second": 19374.716274497172,
        "seconds_per_10k_queries": 0.5161365905090927,
        "avg_memory_candidates": 106.90111081523186
      }
    },
    "support_deletion": {
      "overall": {
        "auc": 0.708286907274486,
        "acc": 0.6696846349906798,
        "rmse": 0.46215986361358957,
        "bce": 0.6211999222336789,
        "n": 52574
      },
      "direct_seen": {
        "auc": 0.7080460516816449,
        "acc": 0.6698678253101334,
        "rmse": 0.4622787906692453,
        "bce": 0.6214465197565572,
        "n": 49253
      },
      "partial_overlap": {
        "auc": 0.7129884491027321,
        "acc": 0.6525323910482921,
        "rmse": 0.4615773592851169,
        "bce": 0.6182059189467375,
        "n": 849
      },
      "target_concept_unseen": {
        "auc": 0.710819631226909,
        "acc": 0.6719255663430421,
        "rmse": 0.45998397089148285,
        "bce": 0.6173149064554792,
        "n": 2472
      },
      "short_history": {
        "auc": 0.7484691940646293,
        "acc": 0.7275398824517213,
        "rmse": 0.42623001037777175,
        "bce": 0.5452861566320696,
        "n": 2382
      },
      "runtime": {
        "queries": 52574,
        "seconds": 2.6758940380532295,
        "queries_per_second": 19647.26526998383,
        "seconds_per_10k_queries": 0.5089766877264864,
        "avg_memory_candidates": 106.90111081523186
      },
      "delta_vs_retrieval": {
        "auc_drop": 0.02521029326532287,
        "bce_increase": 0.033809916584036426,
        "rmse_increase": 0.017324506589508404
      }
    },
    "support_corruption": {
      "overall": {
        "auc": 0.7096507025244356,
        "acc": 0.6840643664168601,
        "rmse": 0.45293404403111304,
        "bce": 0.5992963476991274,
        "n": 52574
      },
      "direct_seen": {
        "auc": 0.7102626155662346,
        "acc": 0.684364404198729,
        "rmse": 0.4527855456631125,
        "bce": 0.598941807455812,
        "n": 49253
      },
      "partial_overlap": {
        "auc": 0.7072370397971081,
        "acc": 0.6831566548881036,
        "rmse": 0.45387474055743754,
        "bce": 0.5998896204860709,
        "n": 849
      },
      "target_concept_unseen": {
        "auc": 0.6981878911090129,
        "acc": 0.6783980582524272,
        "rmse": 0.4555608129617952,
        "bce": 0.6061565750486021,
        "n": 2472
      },
      "short_history": {
        "auc": 0.7616917246480209,
        "acc": 0.7485306465155331,
        "rmse": 0.41655300696188224,
        "bce": 0.5242905117859853,
        "n": 2382
      },
      "runtime": {
        "queries": 52574,
        "seconds": 2.614524833858013,
        "queries_per_second": 20108.433975905824,
        "seconds_per_10k_queries": 0.4973037687560416,
        "avg_memory_candidates": 106.90111081523186
      },
      "delta_vs_retrieval": {
        "auc_drop": 0.023846498015373196,
        "bce_increase": 0.01190634204948493,
        "rmse_increase": 0.008098687007031868
      }
    },
    "shuffle_student": {
      "overall": {
        "auc": 0.7275986867159397,
        "acc": 0.6960474759386769,
        "rmse": 0.44761988507107203,
        "bce": 0.5946289056349575,
        "n": 52574
      },
      "direct_seen": {
        "auc": 0.7296590795634257,
        "acc": 0.6970945932227478,
        "rmse": 0.4466163887306253,
        "bce": 0.5914117574364633,
        "n": 49253
      },
      "partial_overlap": {
        "auc": 0.70974914960876,
        "acc": 0.6843345111896348,
        "rmse": 0.4634035383296024,
        "bce": 0.642812665058405,
        "n": 849
      },
      "target_concept_unseen": {
        "auc": 0.6969247170972233,
        "acc": 0.6792071197411004,
        "rmse": 0.4618492806878662,
        "bce": 0.6421799527506238,
        "n": 2472
      },
      "short_history": {
        "auc": 0.7411939795390728,
        "acc": 0.7338371116708649,
        "rmse": 0.42719707098775606,
        "bce": 0.5523264149823535,
        "n": 2382
      },
      "runtime": {
        "queries": 52574,
        "seconds": 2.7400696789845824,
        "queries_per_second": 19187.103307344696,
        "seconds_per_10k_queries": 0.5211834136616165,
        "avg_memory_candidates": 106.90111081523186
      },
      "delta_vs_retrieval": {
        "auc_drop": 0.005898513823869078,
        "bce_increase": 0.007238899985315017,
        "rmse_increase": 0.002784528046990864
      }
    }
  }
}